country,continent,year,lifeExp,pop,gdpPercap,
Afghanistan,Asia,1952,28801,8425333,779.4453145,
Afghanistan,Asia,1957,30332,9240934,820.8530296,
Afghanistan,Asia,1962,31997,10267083,853.1007099999998,
Afghanistan,Asia,1967,34.02,11537966,836.1971382,
Afghanistan,Asia,1972,36088,13079460,739.9811057999998,
Afghanistan,Asia,1977,38438,14880372,786.11336,
Afghanistan,Asia,1982,39854,12881816,978.0114388,
Afghanistan,Asia,1987,40822,13867957,852.3959447999998,
Afghanistan,Asia,1992,41674,16317921,649.3413952000002,
Afghanistan,Asia,1997,41.76300000000001,22227415,635.341351,
Afghanistan,Asia,2002,42129,25268405,726.7340548,
Afghanistan,Asia,2007,43828,31889923,974.5803384,
Albania,Europe,1952,55.23,1282697,1601.056136,
Albania,Europe,1957,59.28,1476505,1942.284244,
Albania,Europe,1962,64.82,1728137,2312.888958,
Albania,Europe,1967,66.22,1984060,2760.196931,
Albania,Europe,1972,67.69,2263554,3313.422188,
Albania,Europe,1977,68.93,2509048,3533.003910000001,
Albania,Europe,1982,70.42,2780097,3630.880722,
Albania,Europe,1987,72.0,3075321,3738.932735,
Albania,Europe,1992,71581,3326498,2497.437901,
Albania,Europe,1997,72.95,3428038,3193.054604,
Albania,Europe,2002,75.65100000000002,3508512,4604.211737,
Albania,Europe,2007,76423,3600523,5937.029525999998,
Algeria,Africa,1952,43077,9279525,2449.008185,
Algeria,Africa,1957,45685,10270856,3013.976023,
Algeria,Africa,1962,48303,11000948,2550.81688,
Algeria,Africa,1967,51407,12760499,3246.991771,
Algeria,Africa,1972,54518,14760787,4182.663766,
Algeria,Africa,1977,58014,17152804,4910.416756000001,
Algeria,Africa,1982,61368,20033753,5745.160213,
Algeria,Africa,1987,65.79899999999999,23254956,5681.358539,
Algeria,Africa,1992,67744,26298373,5023.216647,
Algeria,Africa,1997,69152,29072015,4797.295051,
Algeria,Africa,2002,70994,31287142,5288.040382,
Algeria,Africa,2007,72301,33333216,6223.367465,
Angola,Africa,1952,30015,4232095,3520.610273,
Angola,Africa,1957,31999,4561361,3827.940465,
Angola,Africa,1962,34.0,4826015,4269.276742,
Angola,Africa,1967,35985,5247469,5522.776375,
Angola,Africa,1972,37928,5894858,5473.2880049999985,
Angola,Africa,1977,39483,6162675,3008.647355,
Angola,Africa,1982,39942,7016384,2756.953672,
Angola,Africa,1987,39906,7874230,2430.208311,
Angola,Africa,1992,40647,8735988,2627.845685,
Angola,Africa,1997,40963,9875024,2277.140884,
Angola,Africa,2002,41003,10866106,2773.287312,
Angola,Africa,2007,42731,12420476,4797.231267,
Argentina,Americas,1952,62485,17876956,5911.315053,
Argentina,Americas,1957,64399,19610538,6856.8562120000015,
Argentina,Americas,1962,65142,21283783,7133.166023000002,
Argentina,Americas,1967,65634,22934225,8052.953020999998,
Argentina,Americas,1972,67065,24779799,9443.038526,
Argentina,Americas,1977,68.48100000000001,26983828,10079.02674,
Argentina,Americas,1982,69942,29341374,8997.897412,
Argentina,Americas,1987,70774,31620918,9139.671389,
Argentina,Americas,1992,71868,33958947,9308.41871,
Argentina,Americas,1997,73275,36203463,10967.28195,
Argentina,Americas,2002,74.34,38331121,8797.640716,
Argentina,Americas,2007,75.32,40301927,12779.37964,
Armenia,,1992,68663,3378331,1442.9377960000004,
Armenia,,1997,70377,3059000,1791.34719,
Armenia,,2002,71403,3013818,2692.304039,
Armenia,,2007,71965,2971650,4942.543911,
Aruba,,1972,70941,59461,4939.758007,
Aruba,,1977,71.83,59412,7390.359942,
Aruba,,1982,74116,61569,10874.91495,
Aruba,,1987,74494,65415,17674.3389,
Aruba,,1992,74108,67174,25120.54961,
Aruba,,1997,73.01100000000002,68341,26483.66862,
Aruba,,2002,73.45100000000002,70441,26467.87062,
Aruba,,2007,74.23899999999998,72194,27230.67521,
Australia,,1950,69.02,8267337,10031.12138,
Australia,,1951,68.72,8510600,10160.73672,
Australia,,1952,69.12,8691212,10039.59564,
Australia,,1953,69.7,8857924,10157.91298,
Australia,,1954,69.85,9064017,10544.08738,
Australia,,1955,70.17,9277087,10864.617740000003,
Australia,,1956,70.05,9500606,10974.12837,
Australia,,1957,70.33,9712569,10949.64959,
Australia,,1958,70.88,9915267,11240.95886,
Australia,,1959,70.45,10131729,11678.07069,
Australia,,1960,70.89,10361273,11897.96372,
Australia,,1961,71.16,10598814,11711.50002,
Australia,,1962,70.93,10794968,12217.22686,
Australia,,1963,70.99,11001483,12722.21702,
Australia,,1964,70.65,11218304,13329.89726,
Australia,,1965,70.98,11439384,13739.92688,
Australia,,1966,70.82,11655083,13860.95806,
Australia,,1967,71.1,11872264,14526.12465,
Australia,,1968,70.73,12101660,15088.55836,
Australia,,1969,71.14,12379384,15647.109380000002,
Australia,,1970,70.81,12660160,16273.14214,
Australia,,1971,71.41,12937200,16633.1259,
Australia,,1972,71.93,13177000,16788.62948,
Australia,,1973,72.14,13380400,17429.71805,
Australia,,1974,71.89,13599100,17574.58167,
Australia,,1975,72.84,13771400,17824.57038,
Australia,,1976,72.88,13915500,18351.06793,
Australia,,1977,73.49,14074100,18334.19751,
Australia,,1978,73.88,14248600,18635.0381,
Australia,,1979,74.44,14421900,19380.63562,
Australia,,1980,74.6,14615900,19505.55452,
Australia,,1981,74.97,14923260,19841.87946,
Australia,,1982,74.74,15184200,19477.00928,
Australia,,1983,75.55,15393500,19214.56115,
Australia,,1984,76.02,15579400,20295.25294,
Australia,,1985,75.46,15788300,21040.4946,
Australia,,1986,76.13,16018350,21168.81051,
Australia,,1987,76.32,16257249,21888.88903,
Australia,,1988,76.36,16520206,22508.19078,
Australia,,1989,76.46,16780235,23133.97635,
Australia,,1990,77.06,17022133,23151.89034,
Australia,,1991,77.55,17257526,22893.85675,
Australia,,1992,77.56,17481977,23424.76683,
Australia,,1993,78.1,17688687,24053.10102,
Australia,,1994,78.1,17892557,24780.17241,
Australia,,1995,78.49,18116171,25518.71544,
Australia,,1996,78.56,18348078,26151.13247,
Australia,,1997,78.83,18565243,26997.93657,
Australia,,1998,79.33,18768789,28169.153410000006,
Australia,,1999,79.58,18968247,28983.2672,
Australia,,2000,79.99,19164620,29241.5145,
Australia,,2001,80.35,19357594,30043.24277,
Australia,,2002,80.37,19546792,30687.75473,
Australia,,2003,80.78,19731984,31634.24243,
Australia,,2004,81.15,19913144,32098.50615,
Australia,,2007,81235,20434176,34435.367439999995,
Austria,Europe,1950,64.88,6935100,5733.098114,
Austria,Europe,1951,65.26,6935451,6124.928282,
Austria,Europe,1952,66.8,6927772,6137.076492,
Austria,Europe,1953,67.29,6932483,6399.786948,
Austria,Europe,1954,67.32,6940209,7045.971274,
Austria,Europe,1955,67.6,6946885,7817.250888,
Austria,Europe,1956,67.72,6952359,8348.449465,
Austria,Europe,1957,67.48,6965860,8842.59803,
Austria,Europe,1958,68.49,6987358,9137.296178,
Austria,Europe,1959,68.42,7014331,9360.853847,
Austria,Europe,1960,68.78,7047437,10083.83005,
Austria,Europe,1961,69.75,7086299,10560.9654,
Austria,Europe,1962,69.54,7129864,10750.72111,
Austria,Europe,1963,69.67,7175811,11116.70439,
Austria,Europe,1964,70.16,7223801,11705.63362,
Austria,Europe,1965,69.95,7270889,11964.2821,
Austria,Europe,1966,70.26,7322066,12549.33397,
Austria,Europe,1967,70.14,7376998,12834.6024,
Austria,Europe,1968,70.29,7415403,13335.55703,
Austria,Europe,1969,70.06,7441055,14125.31596,
Austria,Europe,1970,70.11,7467086,15078.76996,
Austria,Europe,1971,70.31,7500482,15779.07374,
Austria,Europe,1972,70.63,7544201,16661.6256,
Austria,Europe,1973,71.21,7586115,17379.3273,
Austria,Europe,1974,71.2,7599038,18033975,
Austria,Europe,1975,71.33,7578903,18016.36617,
Austria,Europe,1976,71.82,7565525,18874.29543,
Austria,Europe,1977,72.17,7568430,19749.4223,
Austria,Europe,1978,72.25,7562305,19693.61751,
Austria,Europe,1979,72.56,7549425,20803.39934,
Austria,Europe,1980,72.7,7549433,21284.70833,
Austria,Europe,1981,73.02,7564629,21220.8879,
Austria,Europe,1982,73.18,7574613,21597.08362,
Austria,Europe,1983,73.25,7552896,22266.66334,
Austria,Europe,1984,73.79,7554132,22336.9462,
Austria,Europe,1985,74.01,7559776,22821.20054,
Austria,Europe,1986,74.49,7568242,23329.15536,
Austria,Europe,1987,74.94,7578903,23687.82607,
Austria,Europe,1988,75.41,7599791,24371.17769,
Austria,Europe,1989,75.5,7627861,25307.87479,
Austria,Europe,1990,75.77,7722953,26134.99521,
Austria,Europe,1991,75.83,7818423,26744.39669,
Austria,Europe,1992,76.04,7914969,27042.01868,
Austria,Europe,1993,76.27,7988599,26882.044060000004,
Austria,Europe,1994,76.6,8027540,27463.47863,
Austria,Europe,1995,76.84,8047433,27918.81948,
Austria,Europe,1996,77.1,8060852,28602.35254,
Austria,Europe,1997,77.51,8069876,29095.920660000003,
Austria,Europe,1998,77.88,8078622,30107.97838,
Austria,Europe,1999,78.06,8094156,31039.61877,
Austria,Europe,2000,78.35,8113413,32008.50466,
Austria,Europe,2001,78.85,8131690,32196.42488,
Austria,Europe,2002,78.98,8148312,32417.60769,
Austria,Europe,2003,78.98,8162656,32741.18737,
Austria,Europe,2004,79.49,8174762,33455.69403,
Austria,Europe,2005,79.66,8184691,34108.0,
Austria,Europe,2007,79829,8199783,36126.4927,
Azerbaijan,Asia,1992,65623,7413618,3455.542969,
Azerbaijan,Asia,1997,66328,7695123,1943.285094,
Azerbaijan,Asia,2002,66844,7798497,3059.179927,
Azerbaijan,Asia,2007,67487,8017309,7708.61119,
Bahamas,,1962,64209,122902,15117.51505,
Bahamas,,1967,65795,151120,19318.1061,
Bahamas,,1972,66515,178332,18152.43763,
Bahamas,,1977,67199,197499,14380.66603,
Bahamas,,1982,67874,219682,20433.0368,
Bahamas,,1987,69524,244042,22438.01353,
Bahamas,,1992,69171,264085,19432.56931,
Bahamas,,1997,68472,281577,20990.83247,
Bahamas,,2002,71068,295131,22810.96126,
Bahamas,,2007,73495,305655,23948.63751,
Bahrain,Asia,1952,50.93899999999999,120447,9867.084765,
Bahrain,Asia,1957,53832,138655,11635.79945,
Bahrain,Asia,1962,56923,171863,12753.27514,
Bahrain,Asia,1967,59923,202182,14804.6727,
Bahrain,Asia,1972,63.3,230800,18268.65839,
Bahrain,Asia,1977,65593,297410,19340.10196,
Bahrain,Asia,1982,69.05199999999999,377967,19211.14731,
Bahrain,Asia,1987,70.75,454612,18524.02406,
Bahrain,Asia,1992,72601,529491,19035.57917,
Bahrain,Asia,1997,73925,598561,20292.01679,
Bahrain,Asia,2002,74795,656397,23403.55927,
Bahrain,Asia,2007,75635,708573,29796.04834,
Bangladesh,Asia,1952,37484,46886859,684.2441716,
Bangladesh,Asia,1957,39348,51365468,661.6374577,
Bangladesh,Asia,1962,41216,56839289,686.3415537999998,
Bangladesh,Asia,1967,43453,62821884,721.1860862000002,
Bangladesh,Asia,1972,45252,70759295,630.2336265,
Bangladesh,Asia,1977,46923,80428306,659.8772322000002,
Bangladesh,Asia,1982,50.00899999999999,93074406,676.9818656,
Bangladesh,Asia,1987,52819,103764241,751.9794035,
Bangladesh,Asia,1992,56018,113704579,837.8101642999999,
Bangladesh,Asia,1997,59412,123315288,972.7700352,
Bangladesh,Asia,2002,62.01300000000001,135656790,1136.3904300000004,
Bangladesh,Asia,2007,64062,150448339,1391.253792,
Barbados,,1962,65.87,228747,6204.489468,
Barbados,,1967,67.62,238224,7788.544084999998,
Barbados,,1972,69.42,242445,9853.806374,
Barbados,,1977,71.27,249169,11817.35591,
Barbados,,1982,72695,253522,12736.47247,
Barbados,,1987,74027,259428,13783.20898,
Barbados,,1992,74.89399999999998,264925,12263.45331,
Barbados,,1997,74.91199999999998,270096,13901.90893,
Barbados,,2002,75.97,275673,14544.49305,
Barbados,,2007,77296,280946,17023.10239,
Belarus,FSU,1973,72.71,9236465,4958.608124,
Belarus,FSU,1990,71.15,10215208,6807.781056999998,
Belarus,FSU,1991,70.58,10244639,6693.1884,
Belarus,FSU,1992,70.17,10306362,6014.406075,
Belarus,FSU,1993,69.05,10360516,5528.263371,
Belarus,FSU,1994,68.82,10387841,4868.615987,
Belarus,FSU,1995,68.43,10403989,4355.509243,
Belarus,FSU,1996,68.56,10408773,4475.405604,
Belarus,FSU,1997,68.37,10404210,4987.788391,
Belarus,FSU,1998,68.38,10394407,5411.861751,
Belarus,FSU,1999,67.97,10382370,5602.352725,
Belarus,FSU,2000,69.0,10366719,5936.237819,
Belarus,FSU,2001,68.6,10350194,6225.164179,
Belarus,FSU,2002,68.16,10335382,6545.789965,
Belarus,FSU,2003,68.7,10322151,6999.864668000001,
Belarus,FSU,2004,69.1,10310520,7806.724445999998,
Belarus,FSU,2005,68.87,10300483,8541.0,
Belarus,FSU,2007,69027,10289007,10273.77418,
Belgium,Europe,1950,66.35,8639369,7990.465840000002,
Belgium,Europe,1951,66.8,8678386,8393.415992,
Belgium,Europe,1952,68.0,8730405,8343.105126999999,
Belgium,Europe,1953,68.37,8777873,8645.372292,
Belgium,Europe,1954,68.63,8819380,8950.306725,
Belgium,Europe,1955,68.58,8868475,9244.72546,
Belgium,Europe,1956,68.87,8923845,9529.403593,
Belgium,Europe,1957,69.24,8989111,9714.960623,
Belgium,Europe,1958,69.93,9052707,9477.273558,
Belgium,Europe,1959,70.33,9103729,9675.467689,
Belgium,Europe,1960,69.65,9118700,10076.60249,
Belgium,Europe,1961,70.52,9165800,10512.5111,
Belgium,Europe,1962,70.25,9218400,10991.20676,
Belgium,Europe,1963,70.06,9283100,11396.12839,
Belgium,Europe,1964,70.73,9367000,12089.40942,
Belgium,Europe,1965,70.58,9448100,12406.28806,
Belgium,Europe,1966,70.65,9507800,12720.17707,
Belgium,Europe,1967,70.94,9556500,13149.04119,
Belgium,Europe,1968,70.63,9589800,13647.19609,
Belgium,Europe,1969,70.71,9612700,14520.74226,
Belgium,Europe,1970,70.97,9637800,15379.70523,
Belgium,Europe,1971,71.1,9672500,15899.65951,
Belgium,Europe,1972,71.44,9709100,16672.14356,
Belgium,Europe,1973,71.65,9738400,17639.58142,
Belgium,Europe,1974,72.01,9767800,18325.1694,
Belgium,Europe,1975,72.0,9794800,18032.1155,
Belgium,Europe,1976,72.15,9811000,19019.94462,
Belgium,Europe,1977,72.8,9821800,19117.97448,
Belgium,Europe,1978,72.75,9829700,19645.53784,
Belgium,Europe,1979,73.24,9837200,20090.120430000006,
Belgium,Europe,1980,73.29,9846800,20969.62311,
Belgium,Europe,1981,73.7,9852400,20696.13378,
Belgium,Europe,1982,73.93,9856303,20979.84589,
Belgium,Europe,1983,73.93,9855520,20979.01253,
Belgium,Europe,1984,74.43,9855300,21498.93801,
Belgium,Europe,1985,74.54,9858200,21708.74541,
Belgium,Europe,1986,74.74,9861800,22024.75308,
Belgium,Europe,1987,75.35,9870200,22525.56308,
Belgium,Europe,1988,75.66,9884000,23555.8201,
Belgium,Europe,1989,75.73,9937697,24269.23182,
Belgium,Europe,1990,76.14,9969310,24925.91,
Belgium,Europe,1991,76.3,10004487,25293.57135,
Belgium,Europe,1992,76.46,10045622,25575.57069,
Belgium,Europe,1993,76.48,10085426,25229.59834,
Belgium,Europe,1994,76.82,10122914,25947.30294,
Belgium,Europe,1995,76.97,10155459,26480.94732,
Belgium,Europe,1996,77.31,10178934,26725.49837,
Belgium,Europe,1997,77.53,10199787,27561.19663,
Belgium,Europe,1998,77.62,10217030,28030.61314,
Belgium,Europe,1999,77.8,10235655,28937.1514,
Belgium,Europe,2000,77.91,10263618,29940.2047,
Belgium,Europe,2001,78.22,10291679,30092.07613,
Belgium,Europe,2002,78.32,10311970,30485.88375,
Belgium,Europe,2003,78.47,10330824,30736.5256,
Belgium,Europe,2004,79.11,10348276,31600.01699,
Belgium,Europe,2005,79.2,10364388,32077.0,
Belgium,Europe,2007,79441,10392226,33692.60508,
Belize,,1950,57673,65797,1731.132728,
Belize,,1962,62678,97594,1916.319613,
Belize,,1967,65184,113265,2099.158522,
Belize,,1972,67589,127661,2616.696579,
Belize,,1977,69747,140578,3158.688003,
Belize,,1982,71031,153277,3732.094919,
Belize,,1987,71.87899999999998,176347,3844.931896,
Belize,,1992,72.52199999999998,200798,5780.6890939999985,
Belize,,1997,74405,228884,5631.50107,
Belize,,2002,75586,261138,6799.541995000001,
Belize,,2007,76.12100000000002,294385,7550.225543,
Benin,Africa,1952,38223,1738315,1062.7522,
Benin,Africa,1957,40358,1925173,959.6010805,
Benin,Africa,1962,42618,2151895,949.4990641,
Benin,Africa,1967,44885,2427334,1035.831411,
Benin,Africa,1972,47014,2761407,1085.796879,
Benin,Africa,1977,49.19,3168267,1029.161251,
Benin,Africa,1982,50904,3641603,1277.897616,
Benin,Africa,1987,52337,4243788,1225.85601,
Benin,Africa,1992,53919,4981671,1191.207681,
Benin,Africa,1997,54777,6066080,1232.975292,
Benin,Africa,2002,54.40600000000001,7026113,1372.877931,
Benin,Africa,2007,56728,8078314,1441.284873,
Bhutan,Asia,1972,41837,1087991,807.6225857999998,
Bhutan,Asia,1977,44708,1205659,816.3101525000002,
Bhutan,Asia,1982,47872,1333704,946.8129965,
Bhutan,Asia,1987,50717,1490857,1494.290085,
Bhutan,Asia,1992,54471,1673428,1904.17945,
Bhutan,Asia,1997,58929,1876236,2561.507659,
Bhutan,Asia,2002,63458,2094176,3256.019293,
Bhutan,Asia,2007,65625,2327849,4744.640019,
Bolivia,Americas,1952,40414,2883315,2677.326347,
Bolivia,Americas,1957,41.89,3211738,2127.686326,
Bolivia,Americas,1962,43428,3593918,2180.972546,
Bolivia,Americas,1967,45032,4040665,2586.886053,
Bolivia,Americas,1972,46714,4565872,2980.331339,
Bolivia,Americas,1977,50023,5079716,3548.097832,
Bolivia,Americas,1982,53859,5642224,3156.510452,
Bolivia,Americas,1987,57.25100000000001,6156369,2753.69149,
Bolivia,Americas,1992,59957,6893451,2961.699694,
Bolivia,Americas,1997,62.05,7693188,3326.143191,
Bolivia,Americas,2002,63883,8445134,3413.26269,
Bolivia,Americas,2007,65554,9119152,3822.137084,
Bosnia and Herzegovina,Europe,1952,53.82,2791000,973.5331948,
Bosnia and Herzegovina,Europe,1957,58.45,3076000,1353.989176,
Bosnia and Herzegovina,Europe,1962,61.93,3349000,1709.683679,
Bosnia and Herzegovina,Europe,1967,64.79,3585000,2172.3524230000007,
Bosnia and Herzegovina,Europe,1972,67.45,3819000,2860.16975,
Bosnia and Herzegovina,Europe,1977,69.86,4086000,3528.481305,
Bosnia and Herzegovina,Europe,1982,70.69,4172693,4126.613157,
Bosnia and Herzegovina,Europe,1987,71.14,4338977,4314.114757,
Bosnia and Herzegovina,Europe,1992,72178,4256013,2546.781445,
Bosnia and Herzegovina,Europe,1997,73244,3607000,4766.355904,
Bosnia and Herzegovina,Europe,2002,74.09,4165416,6018.975239,
Bosnia and Herzegovina,Europe,2007,74852,4552198,7446.298803,
Botswana,Africa,1952,47622,442308,851.2411407,
Botswana,Africa,1957,49618,474639,918.2325349,
Botswana,Africa,1962,51.52,512764,983.6539764,
Botswana,Africa,1967,53298,553541,1214.709294,
Botswana,Africa,1972,56024,619351,2263.6111140000007,
Botswana,Africa,1977,59319,781472,3214.857818,
Botswana,Africa,1982,61484,970347,4551.14215,
Botswana,Africa,1987,63622,1151184,6205.88385,
Botswana,Africa,1992,62745,1342614,7954.111645,
Botswana,Africa,1997,52556,1536536,8647.142313,
Botswana,Africa,2002,46.63399999999999,1630347,11003.60508,
Botswana,Africa,2007,50728,1639131,12569.85177,
Brazil,Americas,1952,50917,56602560,2108.944355,
Brazil,Americas,1957,53285,65551171,2487.365989,
Brazil,Americas,1962,55665,76039390,3336.585802,
Brazil,Americas,1967,57632,88049823,3429.864357,
Brazil,Americas,1972,59504,100840058,4985.711467,
Brazil,Americas,1977,61489,114313951,6660.118654,
Brazil,Americas,1982,63.33600000000001,128962939,7030.835878,
Brazil,Americas,1987,65205,142938076,7807.095818000002,
Brazil,Americas,1992,67057,155975974,6950.283020999998,
Brazil,Americas,1997,69388,168546719,7957.980823999998,
Brazil,Americas,2002,71006,179914212,8131.212843000001,
Brazil,Americas,2007,72.39,190010647,9065.800825,
Brunei,Asia,1972,68.34,141500,54117.15906000001,
Brunei,Asia,1977,69.66,167216,72555.22854,
Brunei,Asia,1982,71.62,199468,62407.21057,
Brunei,Asia,1987,73.2,235357,53585.90355,
Brunei,Asia,1992,74471,273701,49174.40543,
Brunei,Asia,1997,75465,313563,48967.3126,
Brunei,Asia,2002,76315,350898,48906.34894,
Brunei,Asia,2007,77118,386511,48014.58767,
Bulgaria,Europe,1950,61.39,7250500,2131.563149,
Bulgaria,Europe,1951,60.63,7258200,2567.424534,
Bulgaria,Europe,1952,59.6,7274900,2444.286648,
Bulgaria,Europe,1953,64.14,7346100,2691.935068,
Bulgaria,Europe,1954,64.4,7423300,2613.983108,
Bulgaria,Europe,1955,64.81,7499400,2772.894304,
Bulgaria,Europe,1956,65.21,7575800,2747.377929,
Bulgaria,Europe,1957,66.61,7651254,3008.670727,
Bulgaria,Europe,1958,68.71,7727553,3238.108918,
Bulgaria,Europe,1959,66.57,7797777,3464.569652,
Bulgaria,Europe,1960,69.18,7867374,3759.16551,
Bulgaria,Europe,1961,70.22,7943118,3966.093248,
Bulgaria,Europe,1962,69.51,8012946,4254.337839,
Bulgaria,Europe,1963,70.34,8078145,4412.810322,
Bulgaria,Europe,1964,71.14,8144339,4721.863908,
Bulgaria,Europe,1965,71.3,8201400,4970.48803,
Bulgaria,Europe,1966,71.23,8258057,5325.953431,
Bulgaria,Europe,1967,70.42,8310226,5577.0028,
Bulgaria,Europe,1968,71.25,8369603,5639.346751,
Bulgaria,Europe,1969,70.43,8434172,5868.782679999998,
Bulgaria,Europe,1970,71.27,8489574,6162.468503,
Bulgaria,Europe,1971,70.87,8536395,6328.504247,
Bulgaria,Europe,1972,70.9,8576200,6597.494398,
Bulgaria,Europe,1973,71.34,8620997,6822.3852689999985,
Bulgaria,Europe,1974,71.2,8678745,6989.571515000001,
Bulgaria,Europe,1975,71.05,8720742,7527.863173000002,
Bulgaria,Europe,1976,71.38,8755037,7722.871137,
Bulgaria,Europe,1977,70.81,8797022,7612.240438,
Bulgaria,Europe,1978,71.17,8803281,7771.118048,
Bulgaria,Europe,1979,71.27,8811589,8062.600739,
Bulgaria,Europe,1980,71.1,8843528,7802.845798,
Bulgaria,Europe,1981,71.49,8869441,7987.015204,
Bulgaria,Europe,1982,71.08,8892098,8224.191647,
Bulgaria,Europe,1983,71.25,8910284,8052.372566,
Bulgaria,Europe,1984,71.35,8928271,8301.979654,
Bulgaria,Europe,1985,71.07,8943573,8037.950013,
Bulgaria,Europe,1986,71.55,8958770,8236.461605,
Bulgaria,Europe,1987,71.34,8971958,8239.854824,
Bulgaria,Europe,1988,71.4,8982025,8179.010541,
Bulgaria,Europe,1989,71.46,8990055,8025.266041,
Bulgaria,Europe,1990,71.31,8894028,7225.877958,
Bulgaria,Europe,1991,71.18,8772368,6710.698795,
Bulgaria,Europe,1992,71.19,8658506,6302.623438000001,
Bulgaria,Europe,1993,71.18,8441872,6367.39497,
Bulgaria,Europe,1994,70.85,8353335,6550.710885,
Bulgaria,Europe,1995,70.95,8255811,6820.307623999999,
Bulgaria,Europe,1996,70.85,8161026,6250.966075,
Bulgaria,Europe,1997,70.32,8066057,5970.38876,
Bulgaria,Europe,1998,70.91,7971774,6282.641215,
Bulgaria,Europe,1999,71.57,7893227,6491.099672,
Bulgaria,Europe,2000,71.59,7818495,6907.013722,
Bulgaria,Europe,2001,71.9,7738416,7264.607226,
Bulgaria,Europe,2002,72.14,7661799,7696.777725,
Bulgaria,Europe,2003,72.35,7588399,8105.388755,
Bulgaria,Europe,2004,72.54,7517973,8721.228028,
Bulgaria,Europe,2005,72.52,7450349,9353.0,
Bulgaria,Europe,2007,73005,7322858,10680.79282,
Burkina Faso,Africa,1952,31975,4469979,543.2552413,
Burkina Faso,Africa,1957,34906,4713416,617.1834647999998,
Burkina Faso,Africa,1962,37814,4919632,722.5120206,
Burkina Faso,Africa,1967,40697,5127935,794.8265597,
Burkina Faso,Africa,1972,43591,5433886,854.7359763000002,
Burkina Faso,Africa,1977,46137,5889574,743.3870368,
Burkina Faso,Africa,1982,48122,6634596,807.1985855,
Burkina Faso,Africa,1987,49557,7586551,912.0631417,
Burkina Faso,Africa,1992,50.26,8878303,931.7527731,
Burkina Faso,Africa,1997,50324,10352843,946.2949618,
Burkina Faso,Africa,2002,50.65,12251209,1037.645221,
Burkina Faso,Africa,2007,52295,14326203,1217.032994,
Burundi,Africa,1952,39031,2445618,339.2964587,
Burundi,Africa,1957,40533,2667518,379.56462810000005,
Burundi,Africa,1962,42045,2961915,355.2032273,
Burundi,Africa,1967,43548,3330989,412.97751360000007,
Burundi,Africa,1972,44057,3529983,464.0995039,
Burundi,Africa,1977,45.91,3834415,556.1032651,
Burundi,Africa,1982,47471,4580410,559.6032309999998,
Burundi,Africa,1987,48.21100000000001,5126023,621.8188188999999,
Burundi,Africa,1992,44736,5809236,631.6998778,
Burundi,Africa,1997,45326,6121610,463.1151478,
Burundi,Africa,2002,47.36,7021078,446.4035126,
Burundi,Africa,2007,49.58,8390505,430.0706916,
Cambodia,Asia,1952,39417,4693836,368.4692856,
Cambodia,Asia,1957,41.36600000000001,5322536,434.0383364,
Cambodia,Asia,1962,43415,6083619,496.9136476,
Cambodia,Asia,1967,45415,6960067,523.4323142,
Cambodia,Asia,1972,40317,7450606,421.6240257,
Cambodia,Asia,1977,31.22,6978607,524.9721831999999,
Cambodia,Asia,1982,50957,7272485,624.4754784,
Cambodia,Asia,1987,53914,8371791,683.8955732000002,
Cambodia,Asia,1992,55803,10150094,682.3031755,
Cambodia,Asia,1997,56534,11782962,734.28517,
Cambodia,Asia,2002,56752,12926707,896.2260152999999,
Cambodia,Asia,2007,59723,14131858,1713.778686,
Cameroon,Africa,1952,38523,5009067,1172.667655,
Cameroon,Africa,1957,40428,5359923,1313.048099,
Cameroon,Africa,1962,42643,5793633,1399.607441,
Cameroon,Africa,1967,44799,6335506,1508.453148,
Cameroon,Africa,1972,47049,7021028,1684.1465280000002,
Cameroon,Africa,1977,49355,7959865,1783.432873,
Cameroon,Africa,1982,52.96100000000001,9250831,2367.983282,
Cameroon,Africa,1987,54985,10780667,2602.664206,
Cameroon,Africa,1992,54.31399999999999,12467171,1793.1632780000002,
Cameroon,Africa,1997,52199,14195809,1694.337469,
Cameroon,Africa,2002,49856,15929988,1934.011449,
Cameroon,Africa,2007,50.43,17696293,2042.09524,
Canada,,1950,68.28,14011422,10581.26552,
Canada,,1951,68.55,14330675,10932.46678,
Canada,,1952,68.75,14785584,11367.16112,
Canada,,1953,69.13,15183375,11586.61455,
Canada,,1954,69.99,15636245,11173.2595,
Canada,,1955,70.05,16050356,11901.50949,
Canada,,1956,70.04,16445087,12555.54947,
Canada,,1957,69.96,17010154,12489.95006,
Canada,,1958,70.62,17462004,12384.41018,
Canada,,1959,70.66,17872034,12590.80033,
Canada,,1960,71.04,18266765,12701.48312,
Canada,,1961,71.27,18634977,12817.92217,
Canada,,1962,71.3,18985849,13462.48555,
Canada,,1963,71.31,19342841,13882.56266,
Canada,,1964,71.69,19711053,14510.899330000002,
Canada,,1965,71.79,20071104,15198.11009,
Canada,,1966,71.92,20448496,15884.83624,
Canada,,1967,72.13,20819767,16076.58803,
Canada,,1968,72.29,21143100,16658.21328,
Canada,,1969,72.45,21448073,17286.993290000002,
Canada,,1970,72.65,21749986,17487.457130000006,
Canada,,1971,72.98,22026400,18229.64274,
Canada,,1972,72.88,22284500,18970.57086,
Canada,,1973,73.11,22559500,20081.30717,
Canada,,1974,73.19,22874700,20613.59162,
Canada,,1975,73.49,23209200,20775.505080000006,
Canada,,1976,73.92,23517500,21626.08551,
Canada,,1977,74.21,23796400,22090.88306,
Canada,,1978,74.54,24036300,22754.82739,
Canada,,1979,74.9,24276900,23465.82672,
Canada,,1980,75.14,24593300,23473.89691,
Canada,,1981,75.55,24900000,23904.52565,
Canada,,1982,75.76,25201900,22898.79214,
Canada,,1983,76.13,25456300,23329.80455,
Canada,,1984,76.43,25701800,24431.84887,
Canada,,1985,76.41,25941600,25514.7852,
Canada,,1986,76.56,26203800,25921.16702,
Canada,,1987,76.86,26549700,26626.51503,
Canada,,1988,76.94,26894800,27562.41454,
Canada,,1989,77.2,27379300,27729.89597,
Canada,,1990,77.51,27790600,27387.27394,
Canada,,1991,77.69,28117600,26491.59562,
Canada,,1992,77.95,28523502,26342.88426,
Canada,,1993,77.83,28920644,26590.39937,
Canada,,1994,78.02,29262472,27543.908110000004,
Canada,,1995,78.14,29619002,27969.67291,
Canada,,1996,78.4,29983162,28074.83649,
Canada,,1997,78.61,30305843,28954.92589,
Canada,,1998,78.83,30628924,29837.45806,
Canada,,1999,79.06,30957019,31154.856460000006,
Canada,,2000,79.42,31278097,32448.60764,
Canada,,2001,79.65,31592805,32570.56646,
Canada,,2002,79.77,31902268,33328.96507,
Canada,,2003,79.95,32207113,33635.25438,
Canada,,2004,80.25,32507874,34346.96551,
Canada,,2005,80.36,32805041,35078.0,
Canada,,2007,80653,33390141,36319.23501,
Cape Verde,Africa,1952,48.48,155037,594.7341659,
Cape Verde,Africa,1957,50.98,179516,583.6337743,
Cape Verde,Africa,1962,52.98,209878,695.8088512,
Cape Verde,Africa,1967,55.48,246787,765.8281051,
Cape Verde,Africa,1972,57.48,275392,691.5225912999998,
Cape Verde,Africa,1977,59.98,285691,667.7823441,
Cape Verde,Africa,1982,61.76600000000001,304586,1181.352308,
Cape Verde,Africa,1987,64078,330779,1481.038343,
Cape Verde,Africa,1997,68646,388383,1902.832452,
Cape Verde,Africa,2002,70203,408760,2505.291423,
Cape Verde,Africa,2007,71.67699999999998,423613,3205.479398,
Central African Republic,Africa,1952,35463,1291695,1071.310713,
Central African Republic,Africa,1957,37464,1392284,1190.844328,
Central African Republic,Africa,1962,39475,1523478,1193.068753,
Central African Republic,Africa,1967,41478,1733638,1136.056615,
Central African Republic,Africa,1972,43457,1927260,1070.013275,
Central African Republic,Africa,1977,46775,2167533,1109.374338,
Central African Republic,Africa,1982,48295,2476971,956.7529907,
Central African Republic,Africa,1987,50485,2840009,844.8763504000002,
Central African Republic,Africa,1992,49396,3265124,747.9055252,
Central African Republic,Africa,1997,46066,3696513,740.5063317,
Central African Republic,Africa,2002,43308,4048013,738.6906068,
Central African Republic,Africa,2007,44.74100000000001,4369038,706.016537,
Chad,Africa,1952,38092,2682462,1178.665927,
Chad,Africa,1957,39881,2894855,1308.495577,
Chad,Africa,1962,41716,3150417,1389.817618,
Chad,Africa,1967,43.601000000000006,3495967,1196.810565,
Chad,Africa,1972,45569,3899068,1104.103987,
Chad,Africa,1977,47383,4388260,1133.98495,
Chad,Africa,1982,49517,4875118,797.9081006,
Chad,Africa,1987,51051,5498955,952.386129,
Chad,Africa,1992,51724,6429417,1058.0643,
Chad,Africa,1997,51573,7562011,1004.961353,
Chad,Africa,2002,50525,8835739,1156.18186,
Chad,Africa,2007,50651,10238807,1704.063724,
Chile,Americas,1952,54745,6377619,3939.978789,
Chile,Americas,1957,56074,7048426,4315.622723,
Chile,Americas,1962,57924,7961258,4519.094331,
Chile,Americas,1967,60523,8858908,5106.654313,
Chile,Americas,1972,63441,9717524,5494.024437,
Chile,Americas,1977,67.05199999999999,10599793,4756.763836,
Chile,Americas,1982,70565,11487112,5095.6657380000015,
Chile,Americas,1987,72492,12463354,5547.063754,
Chile,Americas,1992,74126,13572994,7596.125964,
Chile,Americas,1997,75816,14599929,10118.05318,
Chile,Americas,2002,77.86,15497046,10778.78385,
Chile,Americas,2007,78553,16284741,13171.63885,
China,Asia,1953,44.55952,581390000,508.9458694,
China,Asia,1954,46.4656,595310000,511.0829177,
China,Asia,1955,48.02216,608655000,526.7439603,
China,Asia,1956,50.44528,621465000,560.4399495,
China,Asia,1957,50.54896,637408000,575.9870009,
China,Asia,1958,50.1584,653235000,622.4985891,
China,Asia,1959,38.40448,666005000,616.1921861000002,
China,Asia,1960,31.63176,667070000,591.8170472999999,
China,Asia,1961,34.10448,660330000,492.00628110000014,
China,Asia,1962,44.50136,665770000,487.6740183,
China,Asia,1963,51.89912,682335000,520.6900172,
China,Asia,1964,53.32072,698355000,566.2947915,
China,Asia,1965,55.6468,715185000,613.4549871,
China,Asia,1966,56.8032,735400000,649.6989603999998,
China,Asia,1967,58.38112,754550000,612.7056934,
China,Asia,1968,59.4052,774510000,582.400771,
China,Asia,1969,60.9652,796025000,612.5461008999998,
China,Asia,1970,62.6508,818315000,665.7836557,
China,Asia,1971,63.73736,841105000,677.0101471,
China,Asia,1972,63.11888,862030000,676.9000921,
China,Asia,1973,62.7808,881940000,707.7530136,
China,Asia,1974,62.4996,900350000,701.9200607,
China,Asia,1975,62.69888,916395000,728.9965913,
China,Asia,1976,62.43736,930685000,710.3795745,
China,Asia,1977,63.96736,943455000,741.2374699,
China,Asia,1978,64.24432,956165000,807.6260315000002,
China,Asia,1979,65.08536,969005000,854.6172386,
China,Asia,1980,66.12216,981235000,868.5881137,
China,Asia,1981,66.44976,993861000,904.83126,
China,Asia,1982,65525,1000281000,962.4213805,
China,Asia,1987,67274,1084035000,1378.904018,
China,Asia,1992,68.69,1164970000,1655.784158,
China,Asia,1997,70426,1230075000,2289.234136,
China,Asia,2002,72028,1280400000,3119.280896,
China,Asia,2007,72961,1318683096,4959.114854,
Colombia,Americas,1952,50643,12350771,2144.115096,
Colombia,Americas,1957,55118,14485993,2323.805581,
Colombia,Americas,1962,57863,17009885,2492.351109,
Colombia,Americas,1967,59963,19764027,2678.729839,
Colombia,Americas,1972,61.62300000000001,22542890,3264.660041,
Colombia,Americas,1977,63837,25094412,3815.80787,
Colombia,Americas,1982,66653,27764644,4397.575659,
Colombia,Americas,1987,67768,30964245,4903.2191,
Colombia,Americas,1992,68421,34202721,5444.648617,
Colombia,Americas,1997,70313,37657830,6117.361746000001,
Colombia,Americas,2002,71682,41008227,5755.259962,
Colombia,Americas,2007,72889,44227550,7006.580419,
Comoros,Africa,1952,40715,153936,1102.990936,
Comoros,Africa,1957,42.46,170928,1211.148548,
Comoros,Africa,1962,44467,191689,1406.648278,
Comoros,Africa,1967,46472,217378,1876.029643,
Comoros,Africa,1972,48944,250027,1937.577675,
Comoros,Africa,1977,50.93899999999999,304739,1172.603047,
Comoros,Africa,1982,52933,348643,1267.100083,
Comoros,Africa,1987,54926,395114,1315.980812,
Comoros,Africa,1992,57.93899999999999,454429,1246.90737,
Comoros,Africa,1997,60.66,527982,1173.618235,
Comoros,Africa,2002,62974,614382,1075.811558,
Comoros,Africa,2007,65152,710960,986.1478792,
Congo, Dem. Rep.,Africa,1952,39143,14100005,780.5423257
Congo, Dem. Rep.,Africa,1957,40652,15577932,905.8602303
Congo, Dem. Rep.,Africa,1962,42122,17486434,896.3146335000001
Congo, Dem. Rep.,Africa,1967,44056,19941073,861.5932424
Congo, Dem. Rep.,Africa,1972,45989,23007669,904.8960685
Congo, Dem. Rep.,Africa,1977,47804,26480870,795.757282
Congo, Dem. Rep.,Africa,1982,47784,30646495,673.7478181
Congo, Dem. Rep.,Africa,1987,47412,35481645,672.774812
Congo, Dem. Rep.,Africa,1992,45548,41672143,457.7191807
Congo, Dem. Rep.,Africa,1997,42587,47798986,312.188423
Congo, Dem. Rep.,Africa,2002,44966,55379852,241.1658765
Congo, Dem. Rep.,Africa,2007,46462,64606759,277.5518587
Congo, Rep.,Africa,1952,42111,854885,2125.621418
Congo, Rep.,Africa,1957,45053,940458,2315.056572
Congo, Rep.,Africa,1962,48435,1047924,2464.783157
Congo, Rep.,Africa,1967,52.04,1179760,2677.9396420000007
Congo, Rep.,Africa,1972,54907,1340458,3213.152683
Congo, Rep.,Africa,1977,55625,1536769,3259.178978
Congo, Rep.,Africa,1982,56695,1774735,4879.507522
Congo, Rep.,Africa,1987,57.47,2064095,4201.194936999998
Congo, Rep.,Africa,1992,56433,2409073,4016.239529
Congo, Rep.,Africa,1997,52962,2800947,3484.164376
Congo, Rep.,Africa,2002,52.97,3328795,3484.06197
Congo, Rep.,Africa,2007,55322,3800610,3632.557798
Costa Rica,Americas,1950,55.6,866982,2439.821535,
Costa Rica,Americas,1952,57206,926317,2627.0094710000008,
Costa Rica,Americas,1957,60026,1112300,2990.010802,
Costa Rica,Americas,1962,62842,1345187,3460.937025,
Costa Rica,Americas,1967,65.42399999999999,1588717,4161.727834,
Costa Rica,Americas,1972,67.84899999999999,1834796,5118.146939,
Costa Rica,Americas,1977,70.75,2108457,5926.876967,
Costa Rica,Americas,1982,73.45,2424367,5262.734751,
Costa Rica,Americas,1987,74752,2799811,5629.915318,
Costa Rica,Americas,1992,75.71300000000002,3173216,6160.416317,
Costa Rica,Americas,1997,77.26,3518107,6677.045314,
Costa Rica,Americas,2002,78123,3834934,7723.447195000002,
Costa Rica,Americas,2007,78782,4133884,9645.06142,
Cote d'Ivoire,Africa,1952,40477,2977019,1388.594732,
Cote d'Ivoire,Africa,1957,42469,3300000,1500.895925,
Cote d'Ivoire,Africa,1962,44.93,3832408,1728.8694280000002,
Cote d'Ivoire,Africa,1967,47.35,4744870,2052.050473,
Cote d'Ivoire,Africa,1972,49801,6071696,2378.201111,
Cote d'Ivoire,Africa,1977,52374,7459574,2517.736547,
Cote d'Ivoire,Africa,1982,53983,9025951,2602.710169,
Cote d'Ivoire,Africa,1987,54655,10761098,2156.9560690000008,
Cote d'Ivoire,Africa,1992,52044,12772596,1648.073791,
Cote d'Ivoire,Africa,1997,47.99100000000001,14625967,1786.265407,
Cote d'Ivoire,Africa,2002,46832,16252726,1648.800823,
Cote d'Ivoire,Africa,2007,48328,18013409,1544.750112,
Croatia,Europe,1952,61.21,3882229,3119.23652,
Croatia,Europe,1957,64.77,3991242,4338.231617,
Croatia,Europe,1962,67.13,4076557,5477.890018,
Croatia,Europe,1967,68.5,4174366,6960.297861,
Croatia,Europe,1972,69.61,4225310,9164.090127,
Croatia,Europe,1977,70.64,4318673,11305.38517,
Croatia,Europe,1982,70.46,4413368,13221.82184,
Croatia,Europe,1987,71.52,4484310,13822.58394,
Croatia,Europe,1992,72527,4494013,8447.794873,
Croatia,Europe,1997,73.68,4444595,9875.604515,
Croatia,Europe,2002,74876,4481020,11628.38895,
Croatia,Europe,2007,75748,4493312,14619.222719999998,
Cuba,Americas,1950,55714,5784797,5180.436272,
Cuba,Americas,1952,59.42100000000001,6007797,5586.53878,
Cuba,Americas,1957,62325,6640752,6092.1743590000015,
Cuba,Americas,1962,65.24600000000001,7254373,5180.75591,
Cuba,Americas,1967,68.29,8139332,5690.268015,
Cuba,Americas,1972,70723,8831348,5305.445256,
Cuba,Americas,1977,72649,9537988,6380.494965999998,
Cuba,Americas,1982,73717,9789224,7316.918106999998,
Cuba,Americas,1987,74.17399999999998,10239839,7532.924762999999,
Cuba,Americas,1992,74414,10723260,5592.843963,
Cuba,Americas,1997,76.15100000000002,10983007,5431.990415,
Cuba,Americas,2002,77158,11226999,6340.646683,
Cuba,Americas,2007,78273,11416987,8948.102923,
Cyprus,Europe,1972,71.41,626300,7624.588570999998,
Cyprus,Europe,1977,73.7,598400,8898.469476999999,
Cyprus,Europe,1982,75.0,624300,11663.93819,
Cyprus,Europe,1987,76.13600000000002,659400,14634.94796,
Cyprus,Europe,1992,76.82600000000002,707285,18364.49845,
Cyprus,Europe,1997,77.95,743728,20409.22897,
Cyprus,Europe,2002,78957,767314,23683.60331,
Cyprus,Europe,2007,79035,788457,26002.87197,
Czech Republic,Europe,1950,64.43,8925122,6690.749648,
Czech Republic,Europe,1951,65.25,9023170,6734.885719,
Czech Republic,Europe,1952,66.87,9125183,6876.14025,
Czech Republic,Europe,1953,67.56,9220908,6774.039587,
Czech Republic,Europe,1954,68.05,9290617,6979.2186900000015,
Czech Republic,Europe,1955,68.97,9365969,7495.881059,
Czech Republic,Europe,1956,69.37,9442040,7855.581256999999,
Czech Republic,Europe,1957,69.03,9513758,8256.343918,
Czech Republic,Europe,1958,69.94,9574650,8811.025887,
Czech Republic,Europe,1959,69.92,9618554,9135.702191,
Czech Republic,Europe,1960,70.46,9659818,9763.502773,
Czech Republic,Europe,1961,70.64,9587250,10060.06939,
Czech Republic,Europe,1962,69.9,9620282,10136.86713,
Czech Republic,Europe,1963,70.42,9666468,9880.818469,
Czech Republic,Europe,1964,70.58,9726030,10268.34191,
Czech Republic,Europe,1965,70.27,9776922,10574.6228,
Czech Republic,Europe,1966,70.49,9815359,10972.00996,
Czech Republic,Europe,1967,70.38,9835109,11399.44489,
Czech Republic,Europe,1968,69.94,9851051,11893045,
Czech Republic,Europe,1969,69.44,9806577,12144.16425,
Czech Republic,Europe,1970,69.53,9795226,12359.08198,
Czech Republic,Europe,1971,69.77,9824749,12726.07613,
Czech Republic,Europe,1972,70.29,9862158,13108.4536,
Czech Republic,Europe,1973,70.13,9912080,13457.94085,
Czech Republic,Europe,1974,70.21,9975770,13843.19819,
Czech Republic,Europe,1975,70.55,10042019,14142.29877,
Czech Republic,Europe,1976,70.66,10105143,14260.47536,
Czech Republic,Europe,1977,70.71,10161915,14800.16062,
Czech Republic,Europe,1978,70.78,10212894,14882.16908,
Czech Republic,Europe,1979,70.89,10259670,14916.48544,
Czech Republic,Europe,1980,70.42,10288726,15255986,
Czech Republic,Europe,1981,70.86,10297904,15123.0591,
Czech Republic,Europe,1982,70.96,10303704,15377.22855,
Czech Republic,Europe,1983,70.73,10306888,15571.71065,
Czech Republic,Europe,1984,70.99,10309224,15900.92311,
Czech Republic,Europe,1985,71.2,10310162,15992.09469,
Czech Republic,Europe,1986,71.13,10308836,16259.80427,
Czech Republic,Europe,1987,71.58,10311597,16310.4434,
Czech Republic,Europe,1988,71.78,10313782,16644.97723,
Czech Republic,Europe,1989,71.83,10314343,16757.82085,
Czech Republic,Europe,1990,71.49,10309514,16270.17261,
Czech Republic,Europe,1991,72.03,10305158,14376.48735,
Czech Republic,Europe,1992,72.4,10315702,14297.02122,
Czech Republic,Europe,1993,72.92,10326434,14300.96105,
Czech Republic,Europe,1994,73.13,10330165,14617.02155,
Czech Republic,Europe,1995,73.26,10323830,15493.473080000002,
Czech Republic,Europe,1996,73.9,10311817,16137212,
Czech Republic,Europe,1997,74.01,10300707,16048.51424,
Czech Republic,Europe,1998,74.63,10290949,15959.62777,
Czech Republic,Europe,1999,74.81,10280436,16205.16024,
Czech Republic,Europe,2000,75.06,10270128,16823.23775,
Czech Republic,Europe,2001,75.39,10262308,17255.902280000002,
Czech Republic,Europe,2002,75.51,10256295,17596.210219999994,
Czech Republic,Europe,2003,75.46,10251087,18237.58775,
Czech Republic,Europe,2004,76.01,10246178,19061.06809,
Czech Republic,Europe,2005,76.22,10241138,20281.0,
Czech Republic,Europe,2006,76.78,10235455,21577.07702,
Czech Republic,Europe,2007,76486,10228744,22833.30851,
Denmark,Europe,1950,70.33,4271000,9675.477458,
Denmark,Europe,1951,70.93,4303620,9666.254146,
Denmark,Europe,1952,70.78,4334000,9692.385245,
Denmark,Europe,1953,71.15,4369280,10161.10541,
Denmark,Europe,1954,71.35,4406000,10272.20028,
Denmark,Europe,1955,71.92,4439000,10305.71133,
Denmark,Europe,1956,72.05,4466471,10366.19,
Denmark,Europe,1957,71.81,4487831,11099.65935,
Denmark,Europe,1958,72.24,4515132,11280.99757,
Denmark,Europe,1959,72.22,4546636,12036.20036,
Denmark,Europe,1960,72.21,4581000,12279.61856,
Denmark,Europe,1961,72.47,4609817,12976.43602,
Denmark,Europe,1962,72.35,4646899,13583.31351,
Denmark,Europe,1963,72.44,4683579,13561.43467,
Denmark,Europe,1964,72.52,4720171,14715.16498,
Denmark,Europe,1965,72.4,4758100,15263.86573,
Denmark,Europe,1966,72.48,4797500,15551.56018,
Denmark,Europe,1967,72.96,4838800,15937.21123,
Denmark,Europe,1968,73.17,4867300,16494.95248,
Denmark,Europe,1969,73.26,4890687,17461.79325,
Denmark,Europe,1970,73.38,4928757,17677.79288,
Denmark,Europe,1971,73.44,4963126,18023.43374,
Denmark,Europe,1972,73.47,4991596,18866.20721,
Denmark,Europe,1973,73.71,5021861,19433.4781,
Denmark,Europe,1974,73.84,5045297,19162.84526,
Denmark,Europe,1975,74.11,5059861,18981.55018,
Denmark,Europe,1976,73.78,5072596,20159.41674,
Denmark,Europe,1977,74.69,5088419,20422.9015,
Denmark,Europe,1978,74.45,5104247,20660.161030000007,
Denmark,Europe,1979,74.27,5116800,21339.90635,
Denmark,Europe,1980,74.16,5123027,21219.85084,
Denmark,Europe,1981,74.29,5121572,21037.04755,
Denmark,Europe,1982,74.63,5117810,21688.04048,
Denmark,Europe,1983,74.5,5114297,22249.53046,
Denmark,Europe,1984,74.65,5111619,23238.53543,
Denmark,Europe,1985,74.52,5113691,24225.4201,
Denmark,Europe,1986,74.69,5120534,25074.25739,
Denmark,Europe,1987,74.8,5127024,25116.17581,
Denmark,Europe,1988,74.89,5129516,25396.29132,
Denmark,Europe,1989,74.92,5132593,25447.85704,
Denmark,Europe,1990,74.92,5140954,25714.12973,
Denmark,Europe,1991,75.29,5154352,25980.80761,
Denmark,Europe,1992,75.33,5171393,26406.73985,
Denmark,Europe,1993,75.25,5188386,26296.6636,
Denmark,Europe,1994,75.51,5205603,27657.88425,
Denmark,Europe,1995,75.36,5232612,28358.52353,
Denmark,Europe,1996,75.74,5262075,28999.08162,
Denmark,Europe,1997,76.11,5283663,29804.34567,
Denmark,Europe,1998,76.51,5302767,30338.82805,
Denmark,Europe,1999,76.66,5320134,31013.02697,
Denmark,Europe,2000,76.9,5337416,32016.753010000004,
Denmark,Europe,2001,77.06,5355826,32134.10623,
Denmark,Europe,2002,77.18,5374693,32166.50006,
Denmark,Europe,2003,77.78,5394138,32174.80797,
Denmark,Europe,2004,77.58,5413392,32737.91096,
Denmark,Europe,2005,78.32,5432335,33626.0,
Denmark,Europe,2006,78.32,5450661,34724.80085,
Denmark,Europe,2007,78332,5468120,35278.41874,
Djibouti,Africa,1952,34812,63149,2669.529475,
Djibouti,Africa,1957,37328,71851,2864.9690760000008,
Djibouti,Africa,1962,39.69300000000001,89898,3020.989263,
Djibouti,Africa,1967,42074,127617,3020.050513,
Djibouti,Africa,1972,44.36600000000001,178848,3694.2123520000014,
Djibouti,Africa,1977,46519,228694,3081.761022,
Djibouti,Africa,1982,48812,305991,2879.468067,
Djibouti,Africa,1987,50.04,311025,2880.102568,
Djibouti,Africa,1992,51604,384156,2377.156192000001,
Djibouti,Africa,1997,53157,417908,1895.016984,
Djibouti,Africa,2002,53.37300000000001,447416,1908.260867,
Djibouti,Africa,2007,54791,496374,2082.4815670000007,
Dominican Republic,Americas,1952,45928,2491346,1397.717137,
Dominican Republic,Americas,1957,49828,2923186,1544.402995,
Dominican Republic,Americas,1962,53459,3453434,1662.137359,
Dominican Republic,Americas,1967,56.75100000000001,4049146,1653.7230029999996,
Dominican Republic,Americas,1972,59631,4671329,2189.874499,
Dominican Republic,Americas,1977,61788,5302800,2681.9889,
Dominican Republic,Americas,1982,63727,5968349,2861.092386,
Dominican Republic,Americas,1987,66046,6655297,2899.842175,
Dominican Republic,Americas,1992,68457,7351181,3044.214214,
Dominican Republic,Americas,1997,69957,7992357,3614.101285,
Dominican Republic,Americas,2002,70847,8650322,4563.808154,
Dominican Republic,Americas,2007,72235,9319622,6025.3747520000015,
Ecuador,Americas,1952,48357,3548753,3522.110717,
Ecuador,Americas,1957,51356,4058385,3780.546651,
Ecuador,Americas,1962,54.64,4681707,4086.114078,
Ecuador,Americas,1967,56678,5432424,4579.074215,
Ecuador,Americas,1972,58.79600000000001,6298651,5280.99471,
Ecuador,Americas,1977,61.31,7278866,6679.62326,
Ecuador,Americas,1982,64342,8365850,7213.791267,
Ecuador,Americas,1987,67.23100000000001,9545158,6481.776993,
Ecuador,Americas,1992,69613,10748394,7103.702595000002,
Ecuador,Americas,1997,72312,11911819,7429.4558769999985,
Ecuador,Americas,2002,74173,12921234,5773.044512,
Ecuador,Americas,2007,74994,13755680,6873.262326000001,
Egypt,Africa,1952,41893,22223309,1418.822445,
Egypt,Africa,1957,44444,25009741,1458.915272,
Egypt,Africa,1962,46992,28173309,1693.335853,
Egypt,Africa,1967,49293,31681188,1814.880728,
Egypt,Africa,1972,51137,34807417,2024.008147,
Egypt,Africa,1977,53319,38783863,2785.493582,
Egypt,Africa,1982,56006,45681811,3503.729636,
Egypt,Africa,1987,59797,52799062,3885.46071,
Egypt,Africa,1992,63674,59402198,3794.755195,
Egypt,Africa,1997,67217,66134291,4173.181797,
Egypt,Africa,2002,69806,73312559,4754.604414,
Egypt,Africa,2007,71.33800000000002,80264543,5581.180998,
El Salvador,Americas,1952,45262,2042865,3048.3029,
El Salvador,Americas,1957,48.57,2355805,3421.523218,
El Salvador,Americas,1962,52307,2747687,3776.803627,
El Salvador,Americas,1967,55855,3232927,4358.595393,
El Salvador,Americas,1972,58207,3790903,4520.246008,
El Salvador,Americas,1977,56.69600000000001,4282586,5138.922374,
El Salvador,Americas,1982,56604,4474873,4098.344175,
El Salvador,Americas,1987,63154,4842194,4140.442097,
El Salvador,Americas,1992,66798,5274649,4444.2317,
El Salvador,Americas,1997,69535,5783439,5154.825496,
El Salvador,Americas,2002,70734,6353681,5351.568665999999,
El Salvador,Americas,2007,71878,6939688,5728.353514,
Equatorial Guinea,Africa,1952,34482,216964,375.6431231,
Equatorial Guinea,Africa,1957,35.98300000000001,232922,426.0964081,
Equatorial Guinea,Africa,1962,37485,249220,582.8419713999998,
Equatorial Guinea,Africa,1967,38987,259864,915.5960025,
Equatorial Guinea,Africa,1972,40516,277603,672.4122571,
Equatorial Guinea,Africa,1977,42024,192675,958.5668124,
Equatorial Guinea,Africa,1982,43662,285483,927.8253427,
Equatorial Guinea,Africa,1987,45664,341244,966.8968149,
Equatorial Guinea,Africa,1992,47545,387838,1132.055034,
Equatorial Guinea,Africa,1997,48245,439971,2814.480755,
Equatorial Guinea,Africa,2002,49348,495627,7703.4959,
Equatorial Guinea,Africa,2007,51.57899999999999,551201,12154.08975,
Eritrea,Africa,1952,35.92800000000001,1438760,328.9405571000001,
Eritrea,Africa,1957,38047,1542611,344.1618859,
Eritrea,Africa,1962,40158,1666618,380.9958433000001,
Eritrea,Africa,1967,42.18899999999999,1820319,468.7949699,
Eritrea,Africa,1972,44142,2260187,514.3242081999998,
Eritrea,Africa,1977,44535,2512642,505.7538077,
Eritrea,Africa,1982,43.89,2637297,524.8758493,
Eritrea,Africa,1987,46453,2915959,521.1341333,
Eritrea,Africa,1992,49.99100000000001,3668440,582.8585102000002,
Eritrea,Africa,1997,53378,4058319,913.47079,
Eritrea,Africa,2002,55.24,4414865,765.3500015,
Eritrea,Africa,2007,58.04,4906585,641.3695236000002,
Estonia,Europe,1973,70.7,1410836,8313.114403,
Estonia,Europe,1990,69.9,1569322,10389.81937,
Estonia,Europe,1991,69.8,1559547,9409.44704,
Estonia,Europe,1992,69.14,1528715,8245.731834999999,
Estonia,Europe,1993,68.2,1491426,7733.482692,
Estonia,Europe,1994,66.66,1467535,7733.631213,
Estonia,Europe,1995,67.72,1446509,8199.116863,
Estonia,Europe,1996,69.94,1427827,8680.183712,
Estonia,Europe,1997,70.13,1413351,9689.843315,
Estonia,Europe,1998,69.72,1400972,10283.78692,
Estonia,Europe,1999,70.49,1389756,10356.41525,
Estonia,Europe,2000,70.78,1379835,11244.48624,
Estonia,Europe,2001,70.65,1369983,12050.17139,
Estonia,Europe,2002,71.21,1360122,13011.43876,
Estonia,Europe,2003,71.81,1350722,13770.18991,
Estonia,Europe,2004,72.29,1341664,15014.21701,
Estonia,Europe,2005,72.96,1332893,16654.0,
Estonia,Europe,2007,71.37,1315912,19967.40265,
Ethiopia,Africa,1952,34078,20860941,362.1462796,
Ethiopia,Africa,1957,36667,22815614,378.9041632,
Ethiopia,Africa,1962,40059,25145372,419.4564161,
Ethiopia,Africa,1967,42115,27860297,516.1186438,
Ethiopia,Africa,1972,43515,30770372,566.2439442000001,
Ethiopia,Africa,1977,44.51,34617799,556.8083834,
Ethiopia,Africa,1982,44916,38111756,577.8607471,
Ethiopia,Africa,1987,46684,42999530,573.7413142000001,
Ethiopia,Africa,1992,48091,52088559,421.3534653,
Ethiopia,Africa,1997,49402,59861301,515.8894013,
Ethiopia,Africa,2002,50725,67946797,530.0535319,
Ethiopia,Africa,2007,52947,76511887,690.8055759,
Fiji,Oceania,1962,56494,421869,2039.393277,
Fiji,Oceania,1967,58607,485000,2170.073285,
Fiji,Oceania,1972,60642,544000,2797.759484,
Fiji,Oceania,1977,62669,599339,3182.5696,
Fiji,Oceania,1982,64683,658906,3209.257468,
Fiji,Oceania,1987,66626,719574,2974.850227,
Fiji,Oceania,1992,66575,750242,3410.28604,
Fiji,Oceania,1997,66836,797890,3643.629208,
Fiji,Oceania,2002,67832,856346,4004.481972,
Fiji,Oceania,2007,68774,918675,4118.158294,
Finland,Europe,1950,64.24,4008900,5845.626316,
Finland,Europe,1951,65.67,4047300,6282.553916,
Finland,Europe,1952,66.55,4090500,6424.519071,
Finland,Europe,1953,66.61,4139400,6393.115429,
Finland,Europe,1954,67.57,4186900,6874.027206000002,
Finland,Europe,1955,67.37,4234900,7142.394529000001,
Finland,Europe,1956,67.99,4281700,7277.784157999998,
Finland,Europe,1957,67.49,4324000,7545.415386,
Finland,Europe,1958,68.63,4359800,7523.807653,
Finland,Europe,1959,68.81,4394700,7907.517148000001,
Finland,Europe,1960,69.01,4429600,8562.873298,
Finland,Europe,1961,69.04,4461004,9150.501094,
Finland,Europe,1962,68.75,4491443,9371.842561,
Finland,Europe,1963,69.16,4523309,9612.397646,
Finland,Europe,1964,69.37,4548544,10042.2193,
Finland,Europe,1965,69.13,4563732,10540.93525,
Finland,Europe,1966,69.65,4580869,10753.82335,
Finland,Europe,1967,69.83,4605744,10921.63626,
Finland,Europe,1968,69.79,4626469,11122.84283,
Finland,Europe,1969,69.67,4623785,12201.15061,
Finland,Europe,1970,70.36,4606307,13162.24522,
Finland,Europe,1971,70.18,4612124,13420.39361,
Finland,Europe,1972,70.87,4639657,14358.8759,
Finland,Europe,1973,71.38,4666081,15235.132919999998,
Finland,Europe,1974,71.3,4690574,15614.723419999998,
Finland,Europe,1975,71.85,4711439,15724.68289,
Finland,Europe,1976,72.0,4725664,15610.74835,
Finland,Europe,1977,72.52,4738902,15605.42283,
Finland,Europe,1978,73.08,4752528,15886.30722,
Finland,Europe,1979,73.37,4764690,16948.21601,
Finland,Europe,1980,73.66,4779535,17796.77274,
Finland,Europe,1981,73.98,4799964,18051.16806,
Finland,Europe,1982,74.55,4826933,18533.15761,
Finland,Europe,1983,74.46,4855787,18920.89628,
Finland,Europe,1984,74.77,4881788,19387.97098,
Finland,Europe,1985,74.44,4901783,19958.81374,
Finland,Europe,1986,74.8,4917386,20367.54884,
Finland,Europe,1987,74.83,4931729,21141.01223,
Finland,Europe,1988,74.79,4946633,22110.8847,
Finland,Europe,1989,75.01,4962441,23289.79916,
Finland,Europe,1990,75.04,4986431,23180.78249,
Finland,Europe,1991,75.45,5013786,21581.74989,
Finland,Europe,1992,75.7,5041039,20647.16499,
Finland,Europe,1993,75.94,5064846,20294.8084,
Finland,Europe,1994,76.64,5086044,21005.54254,
Finland,Europe,1995,76.66,5104654,21650.14541,
Finland,Europe,1996,76.94,5120310,22402.49628,
Finland,Europe,1997,77.13,5134406,23723.9502,
Finland,Europe,1998,77.34,5146983,25004.32237,
Finland,Europe,1999,77.53,5158097,25915.26438,
Finland,Europe,2000,77.76,5168595,27171.96611,
Finland,Europe,2001,78.23,5180309,27825.5291,
Finland,Europe,2002,78.37,5193039,28204.59057,
Finland,Europe,2003,78.63,5204405,28650.02742,
Finland,Europe,2004,78.96,5214512,29651.4045,
Finland,Europe,2005,79.09,5223442,30469.0,
Finland,Europe,2006,79.49,5231372,31902.6734,
Finland,Europe,2007,79313,5238460,33207.0844,
France,Europe,1950,66.39,41828673,6595.926631,
France,Europe,1951,66.12,42155534,6913.756537,
France,Europe,1952,67.41,42459667,7029.809327,
France,Europe,1953,67.34,42751746,7171.2443189999985,
France,Europe,1954,68.21,43056505,7485.855759,
France,Europe,1955,68.47,43427669,7851.776992,
France,Europe,1956,68.5,43843075,8224.217165,
France,Europe,1957,68.93,44310863,8662.834898000001,
France,Europe,1958,70.16,44788852,8855.252659,
France,Europe,1959,70.19,45239729,9040.636982,
France,Europe,1960,70.4,45670000,9640.940051,
France,Europe,1961,70.98,46189000,10070.70911,
France,Europe,1962,70.51,47124000,10560.48553,
France,Europe,1963,70.36,47808000,10941.36907,
France,Europe,1964,71.32,48340000,11541.52506,
France,Europe,1965,71.15,48763000,11985.95392,
France,Europe,1966,71.56,49194000,12511.09646,
France,Europe,1967,71.55,49569000,12999.91766,
France,Europe,1968,71.54,49934000,13457.29711,
France,Europe,1969,71.27,50353000,14289.38322,
France,Europe,1970,72.16,50787000,14979.38205,
France,Europe,1971,72.13,51285000,15554.55925,
France,Europe,1972,72.38,51732000,16107.19171,
France,Europe,1973,72.54,52157000,16853.49326,
France,Europe,1974,72.89,52503000,17266.97996,
France,Europe,1975,72.98,52758427,17140.24026,
France,Europe,1976,73.22,52953613,17799.33496,
France,Europe,1977,73.83,53165019,18292.63514,
France,Europe,1978,73.95,53380649,18825.95486,
France,Europe,1979,74.26,53605523,19409.07809,
France,Europe,1980,74.35,53869743,19660.01861,
France,Europe,1981,74.51,54147284,19835.85601,
France,Europe,1982,74.89,54433565,20293.89746,
France,Europe,1983,74.87,54649810,20643.23289,
France,Europe,1984,75.37,54946500,20888.34207,
France,Europe,1985,75.47,55171224,21225.41215,
France,Europe,1986,75.75,55387361,21656.22833,
France,Europe,1987,76.34,55630100,22066.44214,
France,Europe,1988,76.57,55873463,22990.10356,
France,Europe,1989,76.7,56416625,23669.58284,
France,Europe,1990,76.99,56735161,24182.34052,
France,Europe,1991,77.17,57055448,24382.98257,
France,Europe,1992,77.46,57374179,24703.79615,
France,Europe,1993,77.51,57658289,24334.03492,
France,Europe,1994,77.95,57906847,24747.81699,
France,Europe,1995,78.07,58149727,25214.34926,
France,Europe,1996,78.28,58388408,25406.80475,
France,Europe,1997,78.64,58623428,25889.78487,
France,Europe,1998,78.81,58866290,26704.51324,
France,Europe,1999,78.94,59116128,27466.21016,
France,Europe,2000,79.25,59381628,28443.62305,
France,Europe,2001,79.44,59658144,28827.72241,
France,Europe,2002,79.59,59925035,28926.03234,
France,Europe,2003,79.59,60180529,28970.5971,
France,Europe,2004,80.52,60424213,29466.09716,
France,Europe,2005,80.5,60656178,29644.0,
France,Europe,2007,80657,61083916,30470.0167,
French Guiana,,2002,75142,182333,8869.848746,
French Polynesia,,1967,59191,102756,14244.022819999998,
French Polynesia,,1972,60926,124000,14567.15624,
French Polynesia,,1977,62427,138156,16682.106819999994,
French Polynesia,,1982,66234,160416,19673.48757,
French Polynesia,,1987,68211,185839,23454.40806,
French Polynesia,,1992,70182,212174,24021.20192,
French Polynesia,,1997,71821,235770,22634.06126,
French Polynesia,,2002,73.01,257847,25224.32969,
French Polynesia,,2007,74057,278633,26766.84485,
Gabon,Africa,1952,37003,420702,4293.476475,
Gabon,Africa,1957,38999,434904,4976.198099,
Gabon,Africa,1962,40489,455661,6631.459222,
Gabon,Africa,1967,44598,489004,8358.761987,
Gabon,Africa,1972,48.69,537977,11401.94841,
Gabon,Africa,1977,52.79,706367,21745.57328,
Gabon,Africa,1982,56.56399999999999,753874,15113.36194,
Gabon,Africa,1987,60.19,880397,11864.40844,
Gabon,Africa,1992,61.36600000000001,985739,13522.15752,
Gabon,Africa,1997,60.46100000000001,1126189,14722.841880000002,
Gabon,Africa,2002,56761,1299304,12521.71392,
Gabon,Africa,2007,56735,1454867,13206.48452,
Gambia,Africa,1952,30.0,284320,485.2306591,
Gambia,Africa,1957,32065,323150,520.9267111,
Gambia,Africa,1962,33896,374020,599.650276,
Gambia,Africa,1967,35857,439593,734.7829124,
Gambia,Africa,1972,38308,517101,756.0868363,
Gambia,Africa,1977,41842,608274,884.7552507000001,
Gambia,Africa,1982,45.58,715523,835.8096107999999,
Gambia,Africa,1987,49265,848406,611.6588611000002,
Gambia,Africa,1992,52644,1025384,665.6244126,
Gambia,Africa,1997,55861,1235767,653.7301704,
Gambia,Africa,2002,58041,1457766,660.5855997,
Gambia,Africa,2007,59448,1688359,752.7497265,
Georgia,,1967,66654,4564785,3029.799086,
Georgia,,1972,68158,4786475,3741.226071,
Georgia,,1977,69634,4963464,5086.053989,
Georgia,,1982,69638,5101213,6359.8298810000015,
Georgia,,1987,70.45,5239970,6514.539988,
Georgia,,1992,70465,5355289,2393.030934,
Georgia,,1997,70.49,4883476,2085.641338,
Georgia,,2002,70476,4728357,2637.562323,
Georgia,,2007,70987,4646003,4386.560389,
Germany,Europe,1950,66.47296,68374572,6090.034207,
Germany,Europe,1952,67.5,69145952,7144.114393000002,
Germany,Europe,1957,69.1,71019069,10187.82665,
Germany,Europe,1962,70.3,73739117,12902.46291,
Germany,Europe,1967,70.8,76368453,14745.62561,
Germany,Europe,1972,71.0,78717088,18016.18027,
Germany,Europe,1977,72.5,78160773,20512.92123,
Germany,Europe,1982,73.8,78335266,22031.53274,
Germany,Europe,1987,74847,77718298,24639.18566,
Germany,Europe,1991,75.61,79984244,26127.05882,
Germany,Europe,1992,76.07,80597764,26505.30317,
Germany,Europe,1993,76.15,81132272,26119.4586,
Germany,Europe,1994,76.47,81414164,26720.64284,
Germany,Europe,1995,76.65,81653702,27145.95792,
Germany,Europe,1996,76.9,81890667,27336.46604,
Germany,Europe,1997,77.34,82011073,27788.88416,
Germany,Europe,1998,77.7,82023672,28291.5981,
Germany,Europe,1999,77.94,82074778,28842.65612,
Germany,Europe,2000,78.21,82187909,29726.878760000003,
Germany,Europe,2001,78.57,82280551,30061.39867,
Germany,Europe,2002,78.67,82350671,30035.80198,
Germany,Europe,2003,78.74,82398326,29952.93665,
Germany,Europe,2004,79.33,82424609,30260.6614,
Germany,Europe,2005,79.46,82431390,30496.0,
Germany,Europe,2006,79.79,82422299,31374.42754,
Germany,Europe,2007,79406,82400996,32170.37442,
Ghana,Africa,1952,43149,5581001,911.2989371,
Ghana,Africa,1957,44779,6391288,1043.5615369999996,
Ghana,Africa,1962,46452,7355248,1190.041118,
Ghana,Africa,1967,48072,8490213,1125.69716,
Ghana,Africa,1972,49875,9354120,1178.223708,
Ghana,Africa,1977,51756,10538093,993.2239571,
Ghana,Africa,1982,53744,11400338,876.032569,
Ghana,Africa,1987,55729,14168101,847.0061135,
Ghana,Africa,1992,57.50100000000001,16278738,925.060154,
Ghana,Africa,1997,58556,18418288,1005.245812,
Ghana,Africa,2002,58453,20550751,1111.9845779999996,
Ghana,Africa,2007,60022,22873338,1327.60891,
Greece,Europe,1950,65.7,7566028,3293.034773,
Greece,Europe,1952,65.86,7733250,3530.690067,
Greece,Europe,1957,67.86,8096218,4916.299889,
Greece,Europe,1962,69.51,8448233,6017.1907329999985,
Greece,Europe,1967,71.0,8716441,8513.097016,
Greece,Europe,1972,72.34,8888628,12724.82957,
Greece,Europe,1977,73.68,9308479,14195.52428,
Greece,Europe,1982,75.24,9786480,15268.42089,
Greece,Europe,1987,76.67,9974490,16120.52839,
Greece,Europe,1992,77.03,10325429,17541.49634,
Greece,Europe,1997,77869,10502372,18747.69814,
Greece,Europe,2002,78256,10603863,22514.2548,
Greece,Europe,2007,79483,10706290,27538.41188,
Grenada,,1972,64577,96618,2404.583938,
Grenada,,1977,65035,94280,3439.5627090000007,
Grenada,,1982,65503,92112,3872.355321,
Grenada,,1987,66002,92719,4947.827429,
Grenada,,1992,66469,91487,6098.92279,
Grenada,,1997,66986,90005,6690.021834,
Grenada,,2002,67.74600000000001,89211,8365.58996,
Grenada,,2007,68.72399999999999,89971,9148.007954,
Guadeloupe,,2002,78405,435739,6987.870004,
Guatemala,Americas,1952,42023,3146381,2428.2377690000008,
Guatemala,Americas,1957,44142,3640876,2617.155967,
Guatemala,Americas,1962,46.95399999999999,4208858,2750.364446,
Guatemala,Americas,1967,50.01600000000001,4690773,3242.531147,
Guatemala,Americas,1972,53738,5149581,4031.408271,
Guatemala,Americas,1977,56029,5703430,4879.992748,
Guatemala,Americas,1982,58137,6395630,4820.49479,
Guatemala,Americas,1987,60782,7326406,4246.485974,
Guatemala,Americas,1992,63.37300000000001,8486949,4439.45084,
Guatemala,Americas,1997,66322,9803875,4684.313807,
Guatemala,Americas,2002,68.97800000000001,11178650,4858.347495,
Guatemala,Americas,2007,70259,12572928,5186.050003,
Guinea,Africa,1952,33609,2664249,510.1964923000001,
Guinea,Africa,1957,34558,2876726,576.2670245,
Guinea,Africa,1962,35753,3140003,686.3736739,
Guinea,Africa,1967,37197,3451418,708.7595409,
Guinea,Africa,1972,38842,3811387,741.6662307,
Guinea,Africa,1977,40762,4227026,874.6858642999998,
Guinea,Africa,1982,42.89100000000001,4710497,857.2503577,
Guinea,Africa,1987,45552,5650262,805.5724717999999,
Guinea,Africa,1992,48576,6990574,794.3484384,
Guinea,Africa,1997,51455,8048834,869.4497667999998,
Guinea,Africa,2002,53676,8807818,945.5835837,
Guinea,Africa,2007,56007,9947814,942.6542111,
Guinea-Bissau,Africa,1952,32.5,580653,299.850319,
Guinea-Bissau,Africa,1957,33.489000000000004,601095,431.79045660000014,
Guinea-Bissau,Africa,1962,34488,627820,522.0343725,
Guinea-Bissau,Africa,1967,35492,601287,715.5806402000002,
Guinea-Bissau,Africa,1972,36486,625361,820.2245876000002,
Guinea-Bissau,Africa,1977,37465,745228,764.7259627999998,
Guinea-Bissau,Africa,1982,39327,825987,838.1239671,
Guinea-Bissau,Africa,1987,41245,927524,736.4153921,
Guinea-Bissau,Africa,1992,43.26600000000001,1050938,745.5398706,
Guinea-Bissau,Africa,1997,44.87300000000001,1193708,796.6644681,
Guinea-Bissau,Africa,2002,45504,1332459,575.7047176,
Guinea-Bissau,Africa,2007,46.38800000000001,1472041,579.2317429999998,
Guyana,Americas,1962,57.32,597896,2202.776732,
Guyana,Americas,1967,59187,672848,2325.092727,
Guyana,Americas,1972,59958,742869,2439.146406,
Guyana,Americas,1977,60651,758334,2760.808387,
Guyana,Americas,1982,60923,761673,2334.359864,
Guyana,Americas,1987,61.79,755464,2169.065751,
Guyana,Americas,1992,62.53100000000001,747460,2234.654246,
Guyana,Americas,1997,62.06,746336,3131.958941,
Guyana,Americas,2002,63578,759104,3237.953172,
Guyana,Americas,2007,66827,769095,3586.042643,
Haiti,,1952,37579,3201488,1840.366939,
Haiti,,1957,40696,3507701,1726.887882,
Haiti,,1962,43.59,3880130,1796.589032,
Haiti,,1967,46243,4318137,1452.057666,
Haiti,,1972,48042,4698301,1654.456946,
Haiti,,1977,49923,4908554,1874.298931,
Haiti,,1982,51.46100000000001,5198399,2011.159549,
Haiti,,1987,53636,5756203,1823.015995,
Haiti,,1992,55089,6326682,1456.309517,
Haiti,,1997,56.67100000000001,6913545,1341.726931,
Haiti,,2002,58137,7607651,1270.364932,
Haiti,,2007,60916,8502814,1201.637154,
Honduras,Americas,1952,41912,1517453,2194.926204,
Honduras,Americas,1957,44665,1770390,2220.487682,
Honduras,Americas,1962,48041,2090162,2291.156835,
Honduras,Americas,1967,50924,2500689,2538.269358,
Honduras,Americas,1972,53.88399999999999,2965146,2529.842345,
Honduras,Americas,1977,57402,3055235,3203.208066,
Honduras,Americas,1982,60909,3669448,3121.7607940000007,
Honduras,Americas,1987,64492,4372203,3023.096699,
Honduras,Americas,1992,66399,5077347,3081.694603,
Honduras,Americas,1997,67.65899999999999,5867957,3160.454906,
Honduras,Americas,2002,68565,6677328,3099.72866,
Honduras,Americas,2007,70.19800000000001,7483763,3548.3308460000007,
Hong Kong, China,,1952,60.96,2125900,3054.421209
Hong Kong, China,,1957,64.75,2736300,3629.076457
Hong Kong, China,,1962,67.65,3305200,4692.6482719999985
Hong Kong, China,,1967,70.0,3722800,6197.962814
Hong Kong, China,,1972,72.0,4115700,8315.928145
Hong Kong, China,,1977,73.6,4583700,11186.14125
Hong Kong, China,,1982,75.45,5264500,14560.53051
Hong Kong, China,,1987,76.2,5584510,20038.47269
Hong Kong, China,,1992,77601,5829696,24757.60301
Hong Kong, China,,1997,80.0,6495918,28377.63219
Hong Kong, China,,2002,81495,6762476,30209.015160000006
Hong Kong, China,,2007,82208,6980412,39724.97867
Hungary,Europe,1950,62.07,9338000,4726.19128,
Hungary,Europe,1951,62.46,9423000,5135.947955,
Hungary,Europe,1952,64.03,9504000,5263.673816,
Hungary,Europe,1953,63.87,9595000,5308.48868,
Hungary,Europe,1954,65.43,9706000,5431.8555700000015,
Hungary,Europe,1955,66.88,9825000,5850.989000000001,
Hungary,Europe,1956,66.04,9911000,5537.722375,
Hungary,Europe,1957,66.41,9839000,6040.180011,
Hungary,Europe,1958,67.42,9882000,6416.726703,
Hungary,Europe,1959,67.32,9937000,6639.866072999999,
Hungary,Europe,1960,68.09,9983512,6954.291576000001,
Hungary,Europe,1961,69.02,10029000,7272.793578,
Hungary,Europe,1962,67.96,10063000,7550.359877,
Hungary,Europe,1963,68.98,10091000,7942.533059,
Hungary,Europe,1964,69.48,10124000,8362.477399,
Hungary,Europe,1965,69.17,10152934,8403.477993999999,
Hungary,Europe,1966,69.93,10184561,8854.418758,
Hungary,Europe,1967,69.5,10223422,9326.64467,
Hungary,Europe,1968,69.33,10263542,9403.183999,
Hungary,Europe,1969,69.4,10302814,9647.235758,
Hungary,Europe,1970,69.24,10337004,9581.972224,
Hungary,Europe,1971,69.13,10364869,9982.612568,
Hungary,Europe,1972,69.76,10394091,10168.65611,
Hungary,Europe,1973,69.63,10425984,10663.66869,
Hungary,Europe,1974,69.35,10471272,10892.94031,
Hungary,Europe,1975,69.4,10531820,11062.45819,
Hungary,Europe,1976,69.69,10588729,11035.56516,
Hungary,Europe,1977,69.95,10637171,11674.83737,
Hungary,Europe,1978,69.49,10673300,11917.24411,
Hungary,Europe,1979,69.7,10698234,11912.90808,
Hungary,Europe,1980,69.11,10711122,12018.55475,
Hungary,Europe,1981,69.17,10711848,12102.59883,
Hungary,Europe,1982,69.39,10705535,12545.99066,
Hungary,Europe,1983,68.95,10689463,12435.83335,
Hungary,Europe,1984,68.99,10668095,12786878,
Hungary,Europe,1985,68.93,10648713,12495.19625,
Hungary,Europe,1986,69.13,10630563,12767.15527,
Hungary,Europe,1987,69.58,10612740,12986.47998,
Hungary,Europe,1988,69.96,10442500,13399.3031,
Hungary,Europe,1989,69.41,10397959,13155.25136,
Hungary,Europe,1990,69.39,10371878,12308.90783,
Hungary,Europe,1991,69.45,10364737,10851.83045,
Hungary,Europe,1992,69.17,10348684,10535.62855,
Hungary,Europe,1993,69.17,10329012,10494.88175,
Hungary,Europe,1994,69.61,10312714,10821.25689,
Hungary,Europe,1995,70.01,10295874,11000.40519,
Hungary,Europe,1996,70.59,10273591,11169.78598,
Hungary,Europe,1997,71.04,10244684,11712.7768,
Hungary,Europe,1998,70.97,10211127,12319.40798,
Hungary,Europe,1999,71.1,10172673,12874.41924,
Hungary,Europe,2000,71.83,10137449,13592.350869999998,
Hungary,Europe,2001,72.47,10109467,14185.5176,
Hungary,Europe,2002,72.59,10083313,14843.93556,
Hungary,Europe,2003,72.61,10057745,15506.20095,
Hungary,Europe,2004,73.01,10032375,16291.19795,
Hungary,Europe,2005,72.97,10006835,17014.0,
Hungary,Europe,2007,73.33800000000002,9956108,18008.94444,
Iceland,Europe,1950,71.01,142938,7750.2915349999985,
Iceland,Europe,1951,71.05,145604,7468.805837000001,
Iceland,Europe,1952,72.49,147962,7267.688428,
Iceland,Europe,1953,72.31,151036,8211.292176,
Iceland,Europe,1954,73.36,154563,8800.722567,
Iceland,Europe,1955,73.3,158044,9458.671799,
Iceland,Europe,1956,72.98,161358,9489.0241,
Iceland,Europe,1957,73.47,165110,9244.001412,
Iceland,Europe,1958,73.43,168771,9789.869797,
,,,,,,
,,,,,,
,,,,,,
,,,,,,
,,,,,,
,,,,,,
,,,,,,
,,,,,,
,,,,,,
,,,,,,
,,,,,,
,,,,,,
,,,,,,
,,,,,,
,,,,,,
,,,,,,
,,,,,,
,,,,,,
,,,,,,
,,,,,,
,,,,,,
,,,,,,
,,,,,,
,,,,,,
,,,,,,
,,,,,,
,,,,,,
,,,,,,
,,,,,,
,,,,,,
,,,,,,
,,,,,,
,,,,,,
,,,,,,
,,,,,,
,,,,,,
,,,,,,
,,,,,,
,,,,,,
,,,,,,
,,,,,,
,,,,,,
,,,,,,
,,,,,,
,,,,,,
,,,,,,
,,,,,,
,,,,,,
,,,,,,
,,,,,,
,,,,,,
,,,,,,
,,,,,,
,,,,,,
,,,,,,
,,,,,,
,,,,,,
,,,,,,
,,,,,,
,,,,,,
,,,,,,
,,,,,,
,,,,,,
,,,,,,
,,,,,,
,,,,,,
,,,,,,
,,,,,,
,,,,,,
,,,,,,
,,,,,,
,,,,,,
,,,,,,
,,,,,,
,,,,,,
,,,,,,
,,,,,,
,,,,,,
,,,,,,
,,,,,,
,,,,,,
,,,,,,
,,,,,,
,,,,,,
,,,,,,
,,,,,,
,,,,,,
,,,,,,
,,,,,,
,,,,,,
,,,,,,
,,,,,,
,,,,,,
,,,,,,
,,,,,,
,,,,,,
,,,,,,
,,,,,,
,,,,,,
,,,,,,
,,,,,,
,,,,,,
,,,,,,
,,,,,,
,,,,,,
,,,,,,
,,,,,,
,,,,,,
,,,,,,
,,,,,,
,,,,,,
,,,,,,
,,,,,,
,,,,,,
,,,,,,
,,,,,,
,,,,,,
,,,,,,
,,,,,,
,,,,,,
,,,,,,
,,,,,,
,,,,,,
,,,,,,
,,,,,,
,,,,,,
,,,,,,
,,,,,,
,,,,,,
,,,,,,
,,,,,,
,,,,,,
,,,,,,
,,,,,,
,,,,,,
,,,,,,
,,,,,,
,,,,,,
,,,,,,
,,,,,,
,,,,,,
,,,,,,
,,,,,,
,,,,,,
,,,,,,
,,,,,,
,,,,,,
,,,,,,
,,,,,,
,,,,,,
,,,,,,
,,,,,,
,,,,,,
,,,,,,
,,,,,,
,,,,,,
,,,,,,
,,,,,,
,,,,,,
,,,,,,
,,,,,,
,,,,,,
,,,,,,
,,,,,,
,,,,,,
,,,,,,
,,,,,,
,,,,,,
,,,,,,
,,,,,,
,,,,,,
,,,,,,
,,,,,,
,,,,,,
,,,,,,
,,,,,,
,,,,,,
,,,,,,
,,,,,,
,,,,,,
,,,,,,
,,,,,,
,,,,,,
,,,,,,
,,,,,,
,,,,,,
,,,,,,
,,,,,,
,,,,,,
,,,,,,
,,,,,,
,,,,,,
,,,,,,
,,,,,,
,,,,,,
,,,,,,
,,,,,,
,,,,,,
,,,,,,
,,,,,,
,,,,,,
,,,,,,
,,,,,,
,,,,,,
,,,,,,
,,,,,,
,,,,,,
,,,,,,
,,,,,,
,,,,,,
,,,,,,
,,,,,,
,,,,,,
,,,,,,
,,,,,,
,,,,,,
,,,,,,
,,,,,,
,,,,,,
,,,,,,
,,,,,,
,,,,,,
,,,,,,
,,,,,,
,,,,,,
,,,,,,
,,,,,,
,,,,,,
,,,,,,
,,,,,,
,,,,,,
,,,,,,
,,,,,,
,,,,,,
,,,,,,
,,,,,,
,,,,,,
,,,,,,
,,,,,,
,,,,,,
,,,,,,
,,,,,,
,,,,,,
,,,,,,
,,,,,,
,,,,,,
,,,,,,
,,,,,,
,,,,,,
,,,,,,
,,,,,,
,,,,,,
,,,,,,
,,,,,,
,,,,,,
,,,,,,
,,,,,,
,,,,,,
,,,,,,
,,,,,,
,,,,,,
,,,,,,
,,,,,,
,,,,,,
,,,,,,
,,,,,,
,,,,,,
,,,,,,
,,,,,,
,,,,,,
,,,,,,
,,,,,,
,,,,,,
,,,,,,
,,,,,,
,,,,,,
,,,,,,1088.277758
,,,,,,1571.134655
,,,,,,1621.693598
,,,,,,2143.540609
,,,,,,3701.621503
,,,,,,4106.301249
,,,,,,4106.525293
,,,,,,4106.492315
,,,,,,3726.063507
,,,,,,1690.756814
,,,,,,1646.758151
,,,,,,1593.06548
,,,,,,1030.592226
,,,,,,1487.593537
,,,,,,1536.344387
,,,,,,2029.228142
,,,,,,3030.87665
,,,,,,4657.22102
,,,,,,5622.942464
,,,,,,8533.088805
,,,,,,12104.27872
,,,,,,15993.52796
,,,,,,19233.98818
,,,,,,23348.139730000006
,,,,,,
,,,,,,
,,,,,,
,,,,,,
,,,,,,
,,,,,,
,,,,,,
,,,,,,
,,,,,,
,,,,,,
,,,,,,
,,,,,,
,,,,,,
,,,,,,
,,,,,,
,,,,,,
,,,,,,
,,,,,,
,,,,,,
,,,,,,
,,,,,,
,,,,,,
,,,,,,
,,,,,,
,,,,,,
,,,,,,
,,,,,,
,,,,,,
,,,,,,
,,,,,,
,,,,,,
,,,,,,
,,,,,,
,,,,,,
,,,,,,
,,,,,,
,,,,,,
,,,,,,
,,,,,,
,,,,,,
,,,,,,
,,,,,,
,,,,,,
,,,,,,
,,,,,,
,,,,,,
,,,,,,
,,,,,,
,,,,,,
,,,,,,
,,,,,,
,,,,,,
,,,,,,
,,,,,,
,,,,,,
,,,,,,
,,,,,,
,,,,,,
,,,,,,
,,,,,,
,,,,,,
,,,,,,
,,,,,,
,,,,,,
,,,,,,
,,,,,,
,,,,,,
,,,,,,
,,,,,,
,,,,,,
,,,,,,
,,,,,,
,,,,,,
,,,,,,
,,,,,,
,,,,,,
,,,,,,
,,,,,,
,,,,,,
,,,,,,
,,,,,,
,,,,,,
,,,,,,
,,,,,,
,,,,,,
,,,,,,
,,,,,,
,,,,,,
,,,,,,
,,,,,,
,,,,,,
,,,,,,
,,,,,,
,,,,,,
,,,,,,
,,,,,,
,,,,,,
,,,,,,
,,,,,,
,,,,,,
,,,,,,
,,,,,,
,,,,,,
,,,,,,
,,,,,,
,,,,,,
,,,,,,
,,,,,,
,,,,,,
,,,,,,
,,,,,,
,,,,,,
,,,,,,
,,,,,,
,,,,,,
,,,,,,
,,,,,,
,,,,,,
,,,,,,
,,,,,,
,,,,,,
,,,,,,
,,,,,,
,,,,,,
,,,,,,
,,,,,,
,,,,,,
,,,,,,
,,,,,,
,,,,,,
,,,,,,
,,,,,,
,,,,,,
,,,,,,
,,,,,,
,,,,,,
,,,,,,
,,,,,,
,,,,,,
,,,,,,
,,,,,,
,,,,,,
,,,,,,
,,,,,,
,,,,,,
,,,,,,
,,,,,,
,,,,,,
,,,,,,
,,,,,,
,,,,,,
,,,,,,
,,,,,,
,,,,,,
,,,,,,
,,,,,,
,,,,,,
,,,,,,
,,,,,,
,,,,,,
,,,,,,
,,,,,,
,,,,,,
,,,,,,
,,,,,,
,,,,,,
,,,,,,
,,,,,,
,,,,,,
,,,,,,
,,,,,,9344.183089
,,,,,,12941.18511
,,,,,,15856.61506
,,,,,,18701.7828
,,,,,,22917.232030000006
,,,,,,23790.48933
,,,,,,24755.47297
,,,,,,54589.82024
,,,,,,
,,,,,,
,,,,,,
,,,,,,
,,,,,,
,,,,,,
,,,,,,
,,,,,,
,,,,,,
,,,,,,
,,,,,,
,,,,,,
,,,,,,
,,,,,,
,,,,,,
,,,,,,
,,,,,,
,,,,,,
,,,,,,
,,,,,,
,,,,,,
,,,,,,
,,,,,,
,,,,,,
,,,,,,
,,,,,,
,,,,,,
,,,,,,
,,,,,,
,,,,,,
,,,,,,
,,,,,,
,,,,,,
,,,,,,
,,,,,,
,,,,,,
,,,,,,
,,,,,,
,,,,,,
,,,,,,
,,,,,,
,,,,,,
,,,,,,
,,,,,,
,,,,,,
,,,,,,
,,,,,,
,,,,,,
,,,,,,
,,,,,,
,,,,,,
,,,,,,
,,,,,,
,,,,,,
,,,,,,
,,,,,,
,,,,,,
,,,,,,
,,,,,,
,,,,,,
,,,,,,
,,,,,,
,,,,,,
,,,,,,
,,,,,,
,,,,,,
,,,,,,
,,,,,,
,,,,,,
,,,,,,
,,,,,,
,,,,,,
,,,,,,
,,,,,,
,,,,,,
,,,,,,
,,,,,,
,,,,,,
,,,,,,
,,,,,,
,,,,,,
,,,,,,
,,,,,,
,,,,,,
,,,,,,
,,,,,,
,,,,,,
,,,,,,
,,,,,,
,,,,,,
,,,,,,
,,,,,,
,,,,,,
,,,,,,
,,,,,,
,,,,,,
,,,,,,
,,,,,,
,,,,,,
,,,,,,
,,,,,,
,,,,,,
,,,,,,
,,,,,,
,,,,,,3495.1762670000007
,,,,,,5234.545679999998
,,,,,,4745.8253909999985
,,,,,,5205.100479
,,,,,,5659.930189
,,,,,,5238.144022
,,,,,,5565.146878000001
,,,,,,5422.1289670000015
,,,,,,
,,,,,,
,,,,,,
,,,,,,
,,,,,,
,,,,,,
,,,,,,
,,,,,,
,,,,,,
,,,,,,
,,,,,,
,,,,,,
,,,,,,
,,,,,,
,,,,,,
,,,,,,
,,,,,,
,,,,,,
,,,,,,
,,,,,,
,,,,,,
,,,,,,
,,,,,,
,,,,,,
,,,,,,
,,,,,,
,,,,,,
,,,,,,
,,,,,,
,,,,,,
,,,,,,
,,,,,,
,,,,,,
,,,,,,
,,,,,,
,,,,,,
,,,,,,
,,,,,,
,,,,,,
,,,,,,
,,,,,,
,,,,,,
,,,,,,
,,,,,,
,,,,,,
,,,,,,
,,,,,,
,,,,,,
,,,,,,
,,,,,,
,,,,,,
,,,,,,
,,,,,,
,,,,,,
,,,,,,
,,,,,,
,,,,,,
,,,,,,
,,,,,,
,,,,,,
,,,,,,
,,,,,,
,,,,,,
,,,,,,
,,,,,,
,,,,,,
,,,,,,
,,,,,,
,,,,,,
,,,,,,
,,,,,,
,,,,,,
,,,,,,
,,,,,,
,,,,,,
,,,,,,
,,,,,,
,,,,,,
,,,,,,
,,,,,,
,,,,,,
,,,,,,
,,,,,,
,,,,,,
,,,,,,
,,,,,,
,,,,,,
,,,,,,
,,,,,,
,,,,,,
,,,,,,
,,,,,,
,,,,,,
,,,,,,
,,,,,,
,,,,,,
,,,,,,
,,,,,,
,,,,,,
,,,,,,
,,,,,,
,,,,,,
,,,,,,
,,,,,,
,,,,,,
,,,,,,
,,,,,,
,,,,,,
,,,,,,
,,,,,,
,,,,,,
,,,,,,
,,,,,,
,,,,,,
,,,,,,
,,,,,,
,,,,,,
,,,,,,
,,,,,,
,,,,,,
,,,,,,
,,,,,,
,,,,,,
,,,,,,
,,,,,,
,,,,,,
,,,,,,
,,,,,,
,,,,,,
,,,,,,
,,,,,,
,,,,,,
,,,,,,
,,,,,,
,,,,,,
,,,,,,
,,,,,,
,,,,,,
,,,,,,
,,,,,,
,,,,,,
,,,,,,
,,,,,,
,,,,,,
,,,,,,
,,,,,,
,,,,,,
,,,,,,
,,,,,,
,,,,,,
,,,,,,
,,,,,,
,,,,,,
,,,,,,
,,,,,,
,,,,,,
,,,,,,
,,,,,,
,,,,,,
,,,,,,
,,,,,,
,,,,,,
,,,,,,
,,,,,,
,,,,,,
,,,,,,
,,,,,,
,,,,,,
,,,,,,
,,,,,,
,,,,,,
,,,,,,
,,,,,,
,,,,,,
,,,,,,
,,,,,,
,,,,,,
,,,,,,
,,,,,,
,,,,,,
,,,,,,
,,,,,,
,,,,,,
,,,,,,
,,,,,,
,,,,,,
,,,,,,
,,,,,,
,,,,,,
,,,,,,
,,,,,,
,,,,,,
,,,,,,
,,,,,,
,,,,,,
,,,,,,
,,,,,,
,,,,,,
,,,,,,
,,,,,,
,,,,,,
,,,,,,
,,,,,,
,,,,,,
,,,,,,
,,,,,,
,,,,,,
,,,,,,
,,,,,,
,,,,,,
,,,,,,
,,,,,,
,,,,,,
,,,,,,
,,,,,,
,,,,,,
,,,,,,
,,,,,,
,,,,,,
,,,,,,
,,,,,,
,,,,,,
,,,,,,
,,,,,,
,,,,,,
,,,,,,
,,,,,,
,,,,,,
,,,,,,
,,,,,,
,,,,,,
,,,,,,
,,,,,,
,,,,,,
,,,,,,
,,,,,,
,,,,,,
,,,,,,
,,,,,,
,,,,,,
,,,,,,
,,,,,,
,,,,,,
,,,,,,
,,,,,,
,,,,,,
,,,,,,
,,,,,,
,,,,,,
,,,,,,
,,,,,,
,,,,,,
,,,,,,
,,,,,,
,,,,,,
,,,,,,
,,,,,,
,,,,,,
,,,,,,
,,,,,,
,,,,,,
,,,,,,
,,,,,,
,,,,,,
,,,,,,
,,,,,,
,,,,,,
,,,,,,
,,,,,,
,,,,,,
,,,,,,
,,,,,,
,,,,,,
,,,,,,
,,,,,,
,,,,,,
,,,,,,
,,,,,,
,,,,,,
,,,,,,
,,,,,,
,,,,,,
,,,,,,
,,,,,,
,,,,,,
,,,,,,
,,,,,,
,,,,,,
,,,,,,
,,,,,,
,,,,,,
,,,,,,
,,,,,,
,,,,,,
,,,,,,
,,,,,,
,,,,,,
,,,,,,
,,,,,,
,,,,,,
,,,,,,
,,,,,,
,,,,,,
,,,,,,
,,,,,,
,,,,,,
,,,,,,
,,,,,,
,,,,,,
,,,,,,
,,,,,,
,,,,,,
,,,,,,
,,,,,,
,,,,,,
,,,,,,
,,,,,,
,,,,,,
,,,,,,
,,,,,,
,,,,,,
,,,,,,
,,,,,,
,,,,,,
,,,,,,
,,,,,,
,,,,,,
,,,,,,
,,,,,,
,,,,,,
,,,,,,
,,,,,,
,,,,,,
,,,,,,
,,,,,,
,,,,,,
,,,,,,
,,,,,,
,,,,,,
,,,,,,
,,,,,,
,,,,,,
,,,,,,
,,,,,,
,,,,,,
,,,,,,
,,,,,,
,,,,,,
,,,,,,
,,,,,,
,,,,,,
,,,,,,
,,,,,,
,,,,,,
,,,,,,
,,,,,,
,,,,,,
,,,,,,
,,,,,,
,,,,,,
,,,,,,
,,,,,,
,,,,,,
,,,,,,
,,,,,,
,,,,,,
,,,,,,
,,,,,,
,,,,,,
,,,,,,
,,,,,,
,,,,,,
,,,,,,
,,,,,,
,,,,,,
,,,,,,
,,,,,,
,,,,,,
,,,,,,
,,,,,,
,,,,,,
,,,,,,
,,,,,,
,,,,,,
,,,,,,
,,,,,,
,,,,,,
,,,,,,
,,,,,,
,,,,,,
,,,,,,
,,,,,,
,,,,,,
,,,,,,
,,,,,,
,,,,,,
,,,,,,
,,,,,,
,,,,,,
,,,,,,
,,,,,,
,,,,,,
,,,,,,
,,,,,,
,,,,,,
,,,,,,
,,,,,,
,,,,,,
,,,,,,
,,,,,,
,,,,,,
,,,,,,
,,,,,,
,,,,,,
,,,,,,
,,,,,,
,,,,,,
,,,,,,
,,,,,,
,,,,,,
,,,,,,
,,,,,,
,,,,,,
,,,,,,
,,,,,,
,,,,,,
,,,,,,
,,,,,,
,,,,,,
,,,,,,
,,,,,,
,,,,,,
,,,,,,
,,,,,,
,,,,,,
,,,,,,
,,,,,,
,,,,,,
,,,,,,
,,,,,,
,,,,,,
,,,,,,
,,,,,,
,,,,,,
,,,,,,
,,,,,,
,,,,,,
,,,,,,
,,,,,,
,,,,,,
,,,,,,
,,,,,,
,,,,,,
,,,,,,
,,,,,,
,,,,,,
,,,,,,
,,,,,,
,,,,,,
,,,,,,
,,,,,,
,,,,,,
,,,,,,
,,,,,,
,,,,,,
,,,,,,
,,,,,,
,,,,,,
,,,,,,
,,,,,,
,,,,,,
,,,,,,
,,,,,,
,,,,,,
,,,,,,
,,,,,,
,,,,,,
,,,,,,
,,,,,,
,,,,,,
,,,,,,
,,,,,,
,,,,,,
,,,,,,
,,,,,,
,,,,,,
,,,,,,
,,,,,,
,,,,,,
,,,,,,
,,,,,,
,,,,,,
,,,,,,
,,,,,,
,,,,,,
,,,,,,
,,,,,,
,,,,,,
,,,,,,
,,,,,,
,,,,,,
,,,,,,
,,,,,,
,,,,,,
,,,,,,
,,,,,,
,,,,,,
,,,,,,
,,,,,,
,,,,,,
,,,,,,
,,,,,,
,,,,,,
,,,,,,
,,,,,,
,,,,,,
,,,,,,
,,,,,,
,,,,,,
,,,,,,
,,,,,,
,,,,,,
,,,,,,
,,,,,,
,,,,,,
,,,,,,
,,,,,,
,,,,,,
,,,,,,
,,,,,,
,,,,,,
,,,,,,
,,,,,,
,,,,,,
,,,,,,
,,,,,,
,,,,,,
,,,,,,
,,,,,,
,,,,,,
,,,,,,
,,,,,,
,,,,,,
,,,,,,
,,,,,,
,,,,,,
,,,,,,
,,,,,,
,,,,,,
,,,,,,
,,,,,,
,,,,,,
,,,,,,
,,,,,,
,,,,,,
,,,,,,
,,,,,,
,,,,,,
,,,,,,
,,,,,,
,,,,,,
,,,,,,
,,,,,,
,,,,,,
,,,,,,
,,,,,,
,,,,,,
,,,,,,
,,,,,,
,,,,,,
,,,,,,
,,,,,,
,,,,,,
,,,,,,
,,,,,,
,,,,,,
,,,,,,
,,,,,,
,,,,,,
,,,,,,
,,,,,,
,,,,,,
,,,,,,
,,,,,,
,,,,,,
,,,,,,
,,,,,,
,,,,,,
,,,,,,
,,,,,,
,,,,,,
,,,,,,
,,,,,,
,,,,,,
,,,,,,
,,,,,,
,,,,,,
,,,,,,
,,,,,,
,,,,,,
,,,,,,
,,,,,,
,,,,,,
,,,,,,
,,,,,,
,,,,,,
,,,,,,
,,,,,,
,,,,,,
,,,,,,
,,,,,,
,,,,,,
,,,,,,
,,,,,,
,,,,,,
,,,,,,
,,,,,,
,,,,,,
,,,,,,
,,,,,,
,,,,,,
,,,,,,
,,,,,,
,,,,,,
,,,,,,
,,,,,,
,,,,,,
,,,,,,
,,,,,,
,,,,,,
,,,,,,
,,,,,,
,,,,,,
,,,,,,
,,,,,,
,,,,,,
,,,,,,
,,,,,,
,,,,,,
,,,,,,
,,,,,,
,,,,,,
,,,,,,
,,,,,,
,,,,,,
,,,,,,
,,,,,,
,,,,,,
,,,,,,
,,,,,,
,,,,,,
,,,,,,
,,,,,,
,,,,,,
,,,,,,
,,,,,,
,,,,,,
,,,,,,
,,,,,,
,,,,,,
,,,,,,
,,,,,,
,,,,,,
,,,,,,
,,,,,,
,,,,,,
,,,,,,
,,,,,,
,,,,,,
,,,,,,
,,,,,,
,,,,,,
,,,,,,
,,,,,,
,,,,,,
,,,,,,
,,,,,,
,,,,,,
,,,,,,
,,,,,,
,,,,,,
,,,,,,
,,,,,,
,,,,,,
,,,,,,
,,,,,,
,,,,,,
,,,,,,
,,,,,,
,,,,,,
,,,,,,
,,,,,,
,,,,,,
,,,,,,
,,,,,,
,,,,,,
,,,,,,
,,,,,,
,,,,,,
,,,,,,
,,,,,,
,,,,,,
,,,,,,
,,,,,,
,,,,,,
,,,,,,
,,,,,,
,,,,,,
,,,,,,
,,,,,,
,,,,,,
,,,,,,
,,,,,,
,,,,,,
,,,,,,
,,,,,,
,,,,,,
,,,,,,
,,,,,,
,,,,,,
,,,,,,
,,,,,,
,,,,,,
,,,,,,
,,,,,,
,,,,,,
,,,,,,
,,,,,,
,,,,,,
,,,,,,
,,,,,,
,,,,,,
,,,,,,
,,,,,,
,,,,,,
,,,,,,
,,,,,,
,,,,,,
,,,,,,
,,,,,,
,,,,,,
,,,,,,
,,,,,,
,,,,,,
,,,,,,
,,,,,,
,,,,,,
,,,,,,
,,,,,,
,,,,,,
,,,,,,
,,,,,,
,,,,,,
,,,,,,
,,,,,,
,,,,,,
,,,,,,
,,,,,,
,,,,,,
,,,,,,
,,,,,,
,,,,,,
,,,,,,
,,,,,,
,,,,,,
,,,,,,
,,,,,,
,,,,,,
,,,,,,
,,,,,,
,,,,,,
,,,,,,
,,,,,,
,,,,,,
,,,,,,
,,,,,,
,,,,,,
,,,,,,
,,,,,,
,,,,,,
,,,,,,
,,,,,,
,,,,,,
,,,,,,
,,,,,,
,,,,,,
,,,,,,
,,,,,,
,,,,,,
,,,,,,
,,,,,,
,,,,,,
,,,,,,
,,,,,,
,,,,,,
,,,,,,
,,,,,,
,,,,,,
,,,,,,
,,,,,,
,,,,,,
,,,,,,
,,,,,,
,,,,,,
,,,,,,
,,,,,,
,,,,,,
,,,,,,
,,,,,,
,,,,,,
,,,,,,
,,,,,,
,,,,,,
,,,,,,
,,,,,,
,,,,,,
,,,,,,
,,,,,,
,,,,,,
,,,,,,
,,,,,,
,,,,,,
,,,,,,
,,,,,,
,,,,,,
,,,,,,
,,,,,,
,,,,,,
,,,,,,
,,,,,,
,,,,,,
,,,,,,
,,,,,,
,,,,,,
,,,,,,
,,,,,,
,,,,,,
,,,,,,
,,,,,,
,,,,,,
,,,,,,
,,,,,,
,,,,,,
,,,,,,
,,,,,,
,,,,,,
,,,,,,
,,,,,,
,,,,,,
,,,,,,
,,,,,,
,,,,,,
,,,,,,
,,,,,,
,,,,,,
,,,,,,
,,,,,,
,,,,,,
,,,,,,
,,,,,,
,,,,,,
,,,,,,
,,,,,,
,,,,,,
,,,,,,
,,,,,,
,,,,,,
,,,,,,
,,,,,,
,,,,,,
,,,,,,
,,,,,,
,,,,,,
,,,,,,
,,,,,,
,,,,,,
,,,,,,
,,,,,,
,,,,,,
,,,,,,
,,,,,,
,,,,,,
,,,,,,
,,,,,,
,,,,,,
,,,,,,
,,,,,,
,,,,,,
,,,,,,
,,,,,,
,,,,,,
,,,,,,
,,,,,,
,,,,,,
,,,,,,
,,,,,,
,,,,,,
,,,,,,
,,,,,,
,,,,,,
,,,,,,
,,,,,,
,,,,,,
,,,,,,
,,,,,,
,,,,,,
,,,,,,
,,,,,,
,,,,,,
,,,,,,
,,,,,,
,,,,,,
,,,,,,
,,,,,,
,,,,,,
,,,,,,
,,,,,,
,,,,,,
,,,,,,
,,,,,,
,,,,,,
,,,,,,
,,,,,,
,,,,,,
,,,,,,
,,,,,,
,,,,,,
,,,,,,
,,,,,,
,,,,,,
,,,,,,
,,,,,,
,,,,,,
,,,,,,
,,,,,,
,,,,,,
,,,,,,
,,,,,,
,,,,,,
,,,,,,
,,,,,,
,,,,,,
,,,,,,
,,,,,,
,,,,,,
,,,,,,
,,,,,,
,,,,,,
,,,,,,
,,,,,,
,,,,,,
,,,,,,
,,,,,,
,,,,,,
,,,,,,
,,,,,,
,,,,,,
,,,,,,
,,,,,,
,,,,,,
,,,,,,
,,,,,,
,,,,,,
,,,,,,
,,,,,,
,,,,,,
,,,,,,
,,,,,,
,,,,,,
,,,,,,
,,,,,,
,,,,,,
,,,,,,
,,,,,,
,,,,,,
,,,,,,
,,,,,,
,,,,,,
,,,,,,
,,,,,,
,,,,,,
,,,,,,
,,,,,,
,,,,,,
,,,,,,
,,,,,,
,,,,,,
,,,,,,
,,,,,,
,,,,,,
,,,,,,
,,,,,,
,,,,,,
,,,,,,
,,,,,,
,,,,,,
,,,,,,
,,,,,,
,,,,,,
,,,,,,
,,,,,,
,,,,,,
,,,,,,
,,,,,,
,,,,,,
,,,,,,
,,,,,,
,,,,,,
,,,,,,
,,,,,,
,,,,,,
,,,,,,
,,,,,,
,,,,,,
,,,,,,
,,,,,,
,,,,,,
,,,,,,
,,,,,,
,,,,,,
,,,,,,
,,,,,,
,,,,,,
,,,,,,
,,,,,,
,,,,,,
,,,,,,
,,,,,,
,,,,,,
,,,,,,
,,,,,,
,,,,,,
,,,,,,
,,,,,,
,,,,,,
,,,,,,
,,,,,,
,,,,,,
,,,,,,
,,,,,,
,,,,,,
,,,,,,
,,,,,,
,,,,,,
,,,,,,
,,,,,,
,,,,,,
,,,,,,
,,,,,,
,,,,,,
,,,,,,
,,,,,,
,,,,,,
,,,,,,
,,,,,,
,,,,,,
,,,,,,
,,,,,,
,,,,,,
,,,,,,
,,,,,,
,,,,,,
,,,,,,
,,,,,,
,,,,,,
,,,,,,
,,,,,,
,,,,,,
,,,,,,
,,,,,,
,,,,,,
,,,,,,
,,,,,,
,,,,,,
,,,,,,
,,,,,,
,,,,,,
,,,,,,
,,,,,,
,,,,,,
,,,,,,
,,,,,,
,,,,,,
,,,,,,
,,,,,,
,,,,,,
,,,,,,
,,,,,,
,,,,,,
,,,,,,
,,,,,,
,,,,,,
,,,,,,
,,,,,,
,,,,,,
,,,,,,
,,,,,,
,,,,,,
,,,,,,
,,,,,,
,,,,,,
,,,,,,
,,,,,,
,,,,,,
,,,,,,
,,,,,,
,,,,,,
,,,,,,
,,,,,,
,,,,,,
,,,,,,
,,,,,,
,,,,,,
,,,,,,
,,,,,,
,,,,,,
,,,,,,
,,,,,,
,,,,,,
,,,,,,
,,,,,,
,,,,,,
,,,,,,
,,,,,,
,,,,,,
,,,,,,
,,,,,,
,,,,,,
,,,,,,
,,,,,,
,,,,,,
,,,,,,
,,,,,,
,,,,,,
,,,,,,
,,,,,,
,,,,,,
,,,,,,
,,,,,,
,,,,,,
,,,,,,
,,,,,,
,,,,,,
,,,,,,
,,,,,,
,,,,,,
,,,,,,
,,,,,,
,,,,,,
,,,,,,
,,,,,,
,,,,,,
,,,,,,
,,,,,,
,,,,,,
,,,,,,
,,,,,,
,,,,,,
,,,,,,
,,,,,,
,,,,,,
,,,,,,
,,,,,,
,,,,,,
,,,,,,
,,,,,,
,,,,,,
,,,,,,
,,,,,,
,,,,,,
,,,,,,
,,,,,,
,,,,,,
,,,,,,
,,,,,,
,,,,,,
,,,,,,
,,,,,,
,,,,,,
,,,,,,
,,,,,,
,,,,,,
,,,,,,
,,,,,,
,,,,,,
,,,,,,
,,,,,,
,,,,,,
,,,,,,
,,,,,,
,,,,,,
,,,,,,
,,,,,,
,,,,,,
,,,,,,
,,,,,,
,,,,,,
,,,,,,
,,,,,,
,,,,,,
,,,,,,
,,,,,,
,,,,,,
,,,,,,
,,,,,,
,,,,,,
,,,,,,
,,,,,,
,,,,,,
,,,,,,
,,,,,,
,,,,,,
,,,,,,
,,,,,,
,,,,,,
,,,,,,
,,,,,,
,,,,,,
,,,,,,
,,,,,,
,,,,,,
,,,,,,
,,,,,,
,,,,,,
,,,,,,
,,,,,,
,,,,,,
,,,,,,
,,,,,,
,,,,,,
,,,,,,
,,,,,,
,,,,,,
,,,,,,
,,,,,,
,,,,,,
,,,,,,
,,,,,,
,,,,,,
,,,,,,
,,,,,,
,,,,,,
,,,,,,
,,,,,,
,,,,,,
,,,,,,
,,,,,,
,,,,,,
,,,,,,
,,,,,,
,,,,,,
,,,,,,
,,,,,,
,,,,,,
,,,,,,
,,,,,,
,,,,,,
,,,,,,
,,,,,,
,,,,,,
,,,,,,
,,,,,,
,,,,,,
,,,,,,
,,,,,,
,,,,,,
,,,,,,
,,,,,,
,,,,,,
,,,,,,
,,,,,,
,,,,,,
,,,,,,
,,,,,,
,,,,,,
,,,,,,
,,,,,,
,,,,,,
,,,,,,
,,,,,,
,,,,,,
,,,,,,
,,,,,,
,,,,,,
,,,,,,
,,,,,,
,,,,,,
,,,,,,
,,,,,,
,,,,,,
,,,,,,
,,,,,,
,,,,,,
,,,,,,
,,,,,,
,,,,,,
,,,,,,
,,,,,,
,,,,,,
,,,,,,
,,,,,,
,,,,,,
,,,,,,
,,,,,,
,,,,,,
,,,,,,
,,,,,,
,,,,,,
,,,,,,
,,,,,,
,,,,,,
,,,,,,
,,,,,,
,,,,,,
,,,,,,
,,,,,,
,,,,,,
,,,,,,
,,,,,,
,,,,,,
,,,,,,
,,,,,,
,,,,,,
,,,,,,
,,,,,,
,,,,,,
,,,,,,
,,,,,,
,,,,,,
,,,,,,
,,,,,,
,,,,,,
,,,,,,
,,,,,,
,,,,,,
,,,,,,781.7175761
,,,,,,804.8304547
,,,,,,825.6232006
,,,,,,862.4421463
,,,,,,1265.047031
,,,,,,1829.765177
,,,,,,1977.55701
,,,,,,1971.741538
,,,,,,1879.496673
,,,,,,2117.484526
,,,,,,2234.820827
,,,,,,2280.769906
